"stock #","on website & classifieds","category","status","year","manufacturer","model","brand","title","price","sales price","website only price","hidden price","msrp","vin#","condition","location country","location region","location city","location postal code","location_phone","description","length","width","height","weight (lbs)","gvwr (lbs)","axle capacity (lbs)","payload capacity (lbs)","overall length","min width","min height","axles","subttile","sleeping capacity","slideouts","pull type","construction","is tilt","ramps","living quarters","conversion company","side wall height","custom conversion company","roof type","nose type","color","is rental","weekly rate","daily rate","monthly rate","admin-unit cost","admin-shipping cost","admin-prep cost","admin-total cost","admin-min sell price","admin-notes","is on special","is featured","created at date","append images on import","number of images","images"
"2695","Yes","trailer.dump","Available","2022","TUFFDUMP","TD14HS","","2022 TUFFDUMP TD14HS Dump Trailer","$11999.99","$0.00","$0.00","$0.00","$0.00","7NDTBDT22PM000096","New","US","GA","Macon","31210","4784770972","TD14HS 7X14 14K DUMP TRAILER- 4FT SIDE","168.00 in","84.00 in","","","14000.00","7000.00","","","","","","","","","","","","","","","","","","","","Yes","","","","","","","9580.62","","","No","No","2023-01-11T14:43:45-06:00","0","7","http://dealer-cdn.com/Gn4bHi/0bJQVU/2024_TUFFDUMP_TD14HS_7X14_HIGH_SIDE_Dump_Trailer_ElgRqS_overlay_1675055904.jpg,http://dealer-cdn.com/Gn4bHi/0bJQVU/2024_TUFFDUMP_TD14HS_7X14_HIGH_SIDE_Dump_Trailer_08Eq4e_overlay_1675055906.jpg,http://dealer-cdn.com/Gn4bHi/0bJQVU/2024_TUFFDUMP_TD14HS_7X14_HIGH_SIDE_Dump_Trailer_xzqOJs_overlay_1675055908.jpg,http://dealer-cdn.com/Gn4bHi/0bJQVU/2024_TUFFDUMP_TD14HS_7X14_HIGH_SIDE_Dump_Trailer_1S3xEe_overlay_1675055910.jpg,http://dealer-cdn.com/Gn4bHi/0bJQVU/2024_TUFFDUMP_TD14HS_7X14_HIGH_SIDE_Dump_Trailer_aJZBwm_overlay_1675055912.jpg,http://dealer-cdn.com/Gn4bHi/0bJQVU/2024_TUFFDUMP_TD14HS_7X14_HIGH_SIDE_Dump_Trailer_5iqrmC_overlay_1675055914.jpg,http://dealer-cdn.com/Gn4bHi/0bJQVU/2024_TUFFDUMP_TD14HS_7X14_HIGH_SIDE_Dump_Trailer_ndBh5c_overlay_1675055917.jpg"
"2424","Yes","trailer.cargo_enclosed","Available","2022","Arising","7X14 TA ENCLOSED- BLACK","","2022 Arising 7X14 TA ENCLOSED- BLACK Cargo / Enclosed Trailer","$6999.99","$0.00","$0.00","$0.00","$0.00","5YCBE1423PH001128","New","US","GA","Macon","31210","4784770972","7X14 TA ENCLOSED- BLACK\n-4 D- Rings in floor \n-6 added height (6'6) \n-12 extended tongue\n-Rear ramp flap","168.00 in","84.00 in","","2100.00","9990.00","","7890","","","","","","","","","","","","","","","","","","Black","Yes","","","","","","","5597.26","","","No","No","2023-01-13T10:48:42-06:00","0","3","http://dealer-cdn.com/Gn4bHi/z9Rdrs/2023_Arising_7x14_Cargo__Enclosed_Trailer_ZgIku8_overlay_1675055952.jpg,http://dealer-cdn.com/Gn4bHi/z9Rdrs/2023_Arising_7x14_Cargo__Enclosed_Trailer_0crMOW_overlay_1675055954.jpg,http://dealer-cdn.com/Gn4bHi/z9Rdrs/2023_Arising_7x14_Cargo__Enclosed_Trailer_hWggGe_overlay_1675055956.jpg"
"2425","Yes","trailer.cargo_enclosed","Available","2022","Arising","7X16 TA ENCLOSED BLACK W/ *BLACK OUT PACKAGE*","","2022 Arising 7X16 TA ENCLOSED BLACK W/ *BLACK OUT PACKAGE* Cargo / Enclosed Trailer","$7799.99","$0.00","$0.00","$0.00","$0.00","5YCBE1623PH001126","New","US","GA","Macon","31210","4784770972","7X16 TA ENCLOSED BLACK W/ *BLACK OUT PACKAGE*\n-Blackout package \n-4 D- Rings in floor \n-6 added height (6'6) \n-12 extended tongue\n-Rear ramp flap","192.00 in","84.00 in","","4710.00","7000.00","","2290","","","","","","","","","","","","","","","","","","Black","Yes","","","","","","","6195.03","","","No","No","2023-01-13T11:10:31-06:00","0","5","http://dealer-cdn.com/Gn4bHi/ommwvg/2023_Arising_7x16_Black_Out_Cargo__Enclosed_Trailer_sTQrnE_overlay_1675055959.jpg,http://dealer-cdn.com/Gn4bHi/ommwvg/2023_Arising_7x16_Black_Out_Cargo__Enclosed_Trailer_cu2SSO_overlay_1675055961.jpg,http://dealer-cdn.com/Gn4bHi/ommwvg/2023_Arising_7x16_Black_Out_Cargo__Enclosed_Trailer_IujiIS_overlay_1675055963.jpg,http://dealer-cdn.com/Gn4bHi/ommwvg/2023_Arising_7x16_Black_Out_Cargo__Enclosed_Trailer_SVdmKm_overlay_1675055965.jpg,http://dealer-cdn.com/Gn4bHi/ommwvg/2023_Arising_7x16_Black_Out_Cargo__Enclosed_Trailer_FoeTZI_overlay_1675055967.jpg"
"2670","Yes","trailer.car_racing","Available","2022","Currahee","C718DPF","Other","2022 Currahee C718DPF Car / Racing Trailer","$5399.99","$0.00","$0.00","$0.00","$0.00","64546","New","US","GA","Macon","31210","4784770972","C718DPF 82X18 METAL FLOOR CAR HAULER","216.00 in","82.00 in","","2000.00","7000.00","3500.00","5000","","","","","","","","","","","","","","","","","","","Yes","","","","","","","4289.42","","","No","No","2023-01-20T11:35:15-06:00","0","0",""
"2680","Yes","trailer.utility","Available","2022","Currahee","LD616SG","","2022 Currahee LD616SG Utility Trailer","$4299.99","$0.00","$0.00","$0.00","$0.00","64547","New","US","GA","Macon","31210","4784770972","L616SG 76X16' TA UTILITY TRAILER W/ SIDE GATE","192.00 in","76.00 in","","1620.00","7000.00","3500.00","5380","","","","","","","","","","","","","","","","","","","Yes","","","","","","","3285.49","","","No","No","2023-01-20T13:05:49-06:00","0","4","http://dealer-cdn.com/Gn4bHi/7CakAy/2023_Currahee_LD616SG_76x16_Utility_Trailer_with_Side_Gate_PQLFvU_overlay_1675055978.jpg,http://dealer-cdn.com/Gn4bHi/7CakAy/2023_Currahee_LD616SG_76x16_Utility_Trailer_with_Side_Gate_vlZils_overlay_1675055981.jpg,http://dealer-cdn.com/Gn4bHi/7CakAy/2023_Currahee_LD616SG_76x16_Utility_Trailer_with_Side_Gate_5z6zjc_overlay_1675055983.jpg,http://dealer-cdn.com/Gn4bHi/7CakAy/2023_Currahee_LD616SG_76x16_Utility_Trailer_with_Side_Gate_1KRlb6_overlay_1675055985.jpg"
"2411","Yes","trailer.flatbed","Available","2022","Big Tex Trailers","14GN-20BK 5MR","Other","2022 Big Tex Trailers 14GN-20BK 5MR Flatbed Trailer","$13299.99","$0.00","$0.00","$0.00","$0.00","16V3F3327P6277878","New","US","GA","Macon","31210","4784770972","14GN 102X20 5 G/N TRAILER 7K AXLES","240.00 in","102.00 in","","4780.00","15900.00","7000.00","11120","","","","","","","","","","","","","","","","","","","Yes","","","","","","","10325.91","","","No","Yes","2023-01-24T10:37:47-06:00","0","3","http://dealer-cdn.com/Gn4bHi/iQa5lg/2023_Big_Tex_Trailers_14GN-205__Flatbed_Goose_Neck_Trailer_GkxY5w_overlay_1675055992.jpg,http://dealer-cdn.com/Gn4bHi/iQa5lg/2023_Big_Tex_Trailers_14GN-205__Flatbed_Goose_Neck_Trailer_sgo26q_overlay_1675055994.jpg,http://dealer-cdn.com/Gn4bHi/iQa5lg/2023_Big_Tex_Trailers_14GN-205__Flatbed_Goose_Neck_Trailer_rUMNw8_overlay_1675055996.jpg"
"2414","Yes","trailer.flatbed","Available","2022","Big Tex Trailers","22GN-40D5A-MRBK (35 5)","Other","2022 Big Tex Trailers 22GN-40D5A-MRBK (35 5) Flatbed Trailer","$19999.99","$0.00","$0.00","$0.00","$0.00","16V3F4822P6277947","New","US","GA","Macon","31210","4784770972","22GN 102X35 5 GN TRAILER 10K AXLES","420.00 in","102.00 in","","7950.00","23900.00","10000.00","15950","","","","","","","","","","","","","","","","","","","Yes","","","","","","","17278.01","","","No","No","2023-01-24T10:43:24-06:00","0","4","http://dealer-cdn.com/Gn4bHi/HI5KfA/2023_Big_Tex_Trailers_22GN-355_Flatbed_Goose_Neck_Trailer_b2pPe4_overlay_1675056012.jpg,http://dealer-cdn.com/Gn4bHi/HI5KfA/2023_Big_Tex_Trailers_22GN-355_Flatbed_Goose_Neck_Trailer_R9gUVc_overlay_1675056014.jpg,http://dealer-cdn.com/Gn4bHi/HI5KfA/2023_Big_Tex_Trailers_22GN-355_Flatbed_Goose_Neck_Trailer_CTQ9Ds_overlay_1675056016.jpg,http://dealer-cdn.com/Gn4bHi/HI5KfA/2023_Big_Tex_Trailers_22GN-355_Flatbed_Goose_Neck_Trailer_AGSyXo_overlay_1675056024.jpg"
"2426","Yes","trailer.cargo_enclosed","Available","2022","Arising","6X12 SA ENCLOSED TRAILER- BLACK","","2022 Arising 6X12 SA ENCLOSED TRAILER- BLACK Cargo / Enclosed Trailer","$4899.99","$0.00","$0.00","$0.00","$0.00","5YCBE1212PH001129","New","US","GA","Macon","31210","4784770972","6X12 SA ENCLOSED TRAILER- BLACK \n- 4 D- Rings in floor \n- 6 added height (6'6)\n- 12 extended tongue","144.00 in","72.00 in","","1220.00","2990.00","2990.00","1770","","","","","","","","","","","","","","","","","","","Yes","","","","","","","3820.00","","","No","No","2023-01-24T11:00:36-06:00","0","4","http://dealer-cdn.com/Gn4bHi/deXQDA/2022_Arising_6x12_Cargo__Enclosed_Trailer_6e9BQG_overlay_1675056026.jpg,http://dealer-cdn.com/Gn4bHi/deXQDA/2022_Arising_6x12_Cargo__Enclosed_Trailer_Zv2Oxs_overlay_1675056028.jpg,http://dealer-cdn.com/Gn4bHi/deXQDA/2022_Arising_6x12_Cargo__Enclosed_Trailer_u961uC_overlay_1675056030.jpg,http://dealer-cdn.com/Gn4bHi/deXQDA/2022_Arising_6x12_Cargo__Enclosed_Trailer_T0bGdM_overlay_1675056032.jpg"
"777532","Yes","trailer.utility","Available","2022","Currahee","L510","","2022 Currahee L510 Utility Trailer","$1699.99","$0.00","$0.00","$0.00","$0.00","REQUIRED","New","US","GA","Macon","31210","4784770972","L510 Single Axle Landscape 5x10","","","","","","","","","","","","","","","","","","","","","","","","","","Yes","","","","","","","1421.46","","","No","No","2023-05-16T13:21:08-05:00","0","0",""
"753268","Yes","trailer.utility","Available","2022","Currahee","L510","","2022 Currahee L510 Utility Trailer","$1699.99","$0.00","$0.00","$0.00","$0.00","REQUIRED","New","US","GA","Macon","31210","4784770972","L510 Single Axle Landscape 5x10","","","","","","","","","","","","","","","","","","","","","","","","","","Yes","","","","","","","1421.46","","","No","No","2023-05-16T13:21:09-05:00","0","0",""
"987326","Yes","trailer.utility","Available","2022","Currahee","L510","","2022 Currahee L510 Utility Trailer","$1699.99","$0.00","$0.00","$0.00","$0.00","REQUIRED","New","US","GA","Macon","31210","4784770972","L510 Single Axle Landscape 5x10","","","","","","","","","","","","","","","","","","","","","","","","","","Yes","","","","","","","1421.46","","","No","No","2023-05-16T13:21:10-05:00","0","0",""
"6434228","Yes","trailer.utility","Available","2022","Currahee","L508.13","","2022 Currahee L508.13 Utility Trailer","$1449.99","$0.00","$0.00","$0.00","$0.00","REQUIRED","New","US","GA","Macon","31210","4784770972","","","","","","","","","","","","","","","","","","","","","","","","","","","Yes","","","","","","","1190.76","","","No","No","2023-05-16T13:21:10-05:00","0","0",""
"764377","Yes","trailer.utility","Available","2022","Currahee","L612","","2022 Currahee L612 Utility Trailer","$1999.99","$0.00","$0.00","$0.00","$0.00","REQUIRED","New","US","GA","Macon","31210","4784770972","Single Axle Landscape 6x12","","","","","","","","","","","","","","","","","","","","","","","","","","Yes","","","","","","","1629.17","","","No","No","2023-05-16T13:21:10-05:00","0","0",""
"4784422","Yes","trailer.utility","Available","2022","Currahee","L612","","2022 Currahee L612 Utility Trailer","$1999.99","$0.00","$0.00","$0.00","$0.00","REQUIRED","New","US","GA","Macon","31210","4784770972","Single Axle Landscape 6x12","","","","","","","","","","","","","","","","","","","","","","","","","","Yes","","","","","","","1629.17","","","No","No","2023-05-16T13:21:10-05:00","0","0",""
"886537","Yes","trailer.utility","Available","2022","Currahee","L612","","2022 Currahee L612 Utility Trailer","$1999.99","$0.00","$0.00","$0.00","$0.00","REQUIRED","New","US","GA","Macon","31210","4784770972","Single Axle Landscape 6x12","","","","","","","","","","","","","","","","","","","","","","","","","","Yes","","","","","","","1629.17","","","No","No","2023-05-16T13:21:11-05:00","0","0",""
"876424","Yes","trailer.utility","Available","2022","Currahee","L612","","2022 Currahee L612 Utility Trailer","$1999.99","$0.00","$0.00","$0.00","$0.00","REQUIRED","New","US","GA","Macon","31210","4784770972","Single Axle Landscape 6x12","","","","","","","","","","","","","","","","","","","","","","","","","","Yes","","","","","","","1629.17","","","No","No","2023-05-16T13:21:11-05:00","0","0",""
"76532789","Yes","trailer.utility","Available","2022","Currahee","L612","","2022 Currahee L612 Utility Trailer","$1999.99","$0.00","$0.00","$0.00","$0.00","REQUIRED","New","US","GA","Macon","31210","4784770972","Single Axle Landscape 6x12","","","","","","","","","","","","","","","","","","","","","","","","","","Yes","","","","","","","1629.17","","","No","No","2023-05-16T13:21:11-05:00","0","0",""
"8543278","Yes","trailer.utility","Available","2022","Currahee","L612","","2022 Currahee L612 Utility Trailer","$1999.99","$0.00","$0.00","$0.00","$0.00","REQUIRED","New","US","GA","Macon","31210","4784770972","Single Axle Landscape 6x12","","","","","","","","","","","","","","","","","","","","","","","","","","Yes","","","","","","","1629.17","","","No","No","2023-05-16T13:21:11-05:00","0","0",""
"876432","Yes","trailer.utility","Available","2022","Currahee","L612","","2022 Currahee L612 Utility Trailer","$1999.99","$0.00","$0.00","$0.00","$0.00","REQUIRED","New","US","GA","Macon","31210","4784770972","Single Axle Landscape 6x12","","","","","","","","","","","","","","","","","","","","","","","","","","Yes","","","","","","","1629.17","","","No","No","2023-05-16T13:21:11-05:00","0","0",""
"568432","Yes","trailer.utility","Available","2022","Currahee","L612","","2022 Currahee L612 Utility Trailer","$1999.99","$0.00","$0.00","$0.00","$0.00","REQUIRED","New","US","GA","Macon","31210","4784770972","Single Axle Landscape 6x12","","","","","","","","","","","","","","","","","","","","","","","","","","Yes","","","","","","","1629.17","","","No","No","2023-05-16T13:21:12-05:00","0","0",""
"4552441","Yes","trailer.utility","Available","2022","Big Tex Trailers","35SA-12BK4RG","","2022 Big Tex Trailers 35SA-12BK4RG Utility Trailer","$2799.99","$0.00","$0.00","$0.00","$0.00","REQUIRED","New","US","GA","Macon","31210","4784770972","35SA 77X12 SA UTILITY TRAILER W/RG & SPMT","","","","","","","","","","","","","","","","","","","","","","","","","","Yes","","","","","","","2039.51","","","No","No","2023-05-16T13:21:12-05:00","0","0",""
"4722147","Yes","trailer.utility","Available","2022","Big Tex Trailers","35SA-12BK4RG","","2022 Big Tex Trailers 35SA-12BK4RG Utility Trailer","$2799.99","$0.00","$0.00","$0.00","$0.00","REQUIRED","New","US","GA","Macon","31210","4784770972","35SA 77X12 SA UTILITY TRAILER W/RG & SPMT","","","","","","","","","","","","","","","","","","","","","","","","","","Yes","","","","","","","2039.51","","","No","No","2023-05-16T13:21:12-05:00","0","0",""
"4577251","Yes","trailer.utility","Available","2022","Big Tex Trailers","35SA-12BK4RG","","2022 Big Tex Trailers 35SA-12BK4RG Utility Trailer","$2799.99","$0.00","$0.00","$0.00","$0.00","REQUIRED","New","US","GA","Macon","31210","4784770972","35SA 77X12 SA UTILITY TRAILER W/RG & SPMT","","","","","","","","","","","","","","","","","","","","","","","","","","Yes","","","","","","","2039.51","","","No","No","2023-05-16T13:21:12-05:00","0","0",""
"782144","Yes","trailer.utility","Available","2022","Big Tex Trailers","35SA-12BK4RG","","2022 Big Tex Trailers 35SA-12BK4RG Utility Trailer","$2799.99","$0.00","$0.00","$0.00","$0.00","REQUIRED","New","US","GA","Macon","31210","4784770972","35SA 77X12 SA UTILITY TRAILER W/RG & SPMT","","","","","","","","","","","","","","","","","","","","","","","","","","Yes","","","","","","","2039.51","","","No","No","2023-05-16T13:21:12-05:00","0","0",""
"457721","Yes","trailer.utility","Available","2022","Big Tex Trailers","35SA-12BK4RG","","2022 Big Tex Trailers 35SA-12BK4RG Utility Trailer","$2799.99","$0.00","$0.00","$0.00","$0.00","REQUIRED","New","US","GA","Macon","31210","4784770972","35SA 77X12 SA UTILITY TRAILER W/RG & SPMT","","","","","","","","","","","","","","","","","","","","","","","","","","Yes","","","","","","","2039.51","","","No","No","2023-05-16T13:21:12-05:00","0","0",""
"713884","Yes","trailer.utility","Available","2022","Big Tex Trailers","35SA-12BK4RG","","2022 Big Tex Trailers 35SA-12BK4RG Utility Trailer","$2799.99","$0.00","$0.00","$0.00","$0.00","REQUIRED","New","US","GA","Macon","31210","4784770972","35SA 77X12 SA UTILITY TRAILER W/RG & SPMT","","","","","","","","","","","","","","","","","","","","","","","","","","Yes","","","","","","","2039.51","","","No","No","2023-05-16T13:21:12-05:00","0","0",""
"71188","Yes","trailer.utility","Available","2022","Big Tex Trailers","35SA-12BK4RG","","2022 Big Tex Trailers 35SA-12BK4RG Utility Trailer","$2799.99","$0.00","$0.00","$0.00","$0.00","REQUIRED","New","US","GA","Macon","31210","4784770972","35SA 77X12 SA UTILITY TRAILER W/RG & SPMT","","","","","","","","","","","","","","","","","","","","","","","","","","Yes","","","","","","","2039.51","","","No","No","2023-05-16T13:21:13-05:00","0","0",""
"887454","Yes","trailer.utility","Available","2022","Big Tex Trailers","35SA-12BK4RG","","2022 Big Tex Trailers 35SA-12BK4RG Utility Trailer","$2799.99","$0.00","$0.00","$0.00","$0.00","REQUIRED","New","US","GA","Macon","31210","4784770972","35SA 77X12 SA UTILITY TRAILER W/RG & SPMT","","","","","","","","","","","","","","","","","","","","","","","","","","Yes","","","","","","","2039.51","","","No","No","2023-05-16T13:21:13-05:00","0","0",""
"896534","Yes","trailer.utility","Available","2022","Big Tex Trailers","35SA-12BK4RG","","2022 Big Tex Trailers 35SA-12BK4RG Utility Trailer","$2799.99","$0.00","$0.00","$0.00","$0.00","16V1U1514P2241112","New","US","GA","Macon","31210","4784770972","35SA 77X12 SA UTILITY TRAILER W/RG & SPMT","","","","","","","","","","","","","","","","","","","","","","","","","","Yes","","","","","","","2039.51","","","No","No","2023-05-16T13:21:13-05:00","0","0",""
"9864312","Yes","trailer.utility","Available","2022","Big Tex Trailers","30SA-10BK4RG","","2022 Big Tex Trailers 30SA-10BK4RG Utility Trailer","$2299.99","$0.00","$0.00","$0.00","$0.00","REQUIRED","New","US","GA","Macon","31210","4784770972","30SA 5X10 W/RG & SPMT","","","","","","","","","","","","","","","","","","","","","","","","","","Yes","","","","","","","1776.50","","","No","No","2023-05-16T13:21:13-05:00","0","0",""
"632684","Yes","trailer.utility","Available","2022","Big Tex Trailers","30SA-10BK4RG","","2022 Big Tex Trailers 30SA-10BK4RG Utility Trailer","$2299.99","$0.00","$0.00","$0.00","$0.00","REQUIRED","New","US","GA","Macon","31210","4784770972","30SA 5X10 W/RG & SPMT","","","","","","","","","","","","","","","","","","","","","","","","","","Yes","","","","","","","1776.50","","","No","No","2023-05-16T13:21:13-05:00","0","0",""
"623268","Yes","trailer.cargo_enclosed","Available","2022","Arising","7X14 TA ENCLOSED WHITE","","2022 Arising 7X14 TA ENCLOSED WHITE Cargo / Enclosed Trailer","$6799.99","$0.00","$0.00","$0.00","$0.00","REQUIRED","New","US","GA","Macon","31210","4784770972","7X14 TA ENCLOSED WHITE\n-4 D- Rings in floor \n-6 added height (6'6) \n-12 extended tongue\n-Rear ramp flap","","","","","","","","","","","","","","","","","","","","","","","","","","Yes","","","","","","","5967.50","","","No","No","2023-05-16T13:21:13-05:00","0","0",""
"977644","Yes","trailer.cargo_enclosed","Available","2022","Arising","7X14 TA ENCLOSED WHITE","","2022 Arising 7X14 TA ENCLOSED WHITE Cargo / Enclosed Trailer","$6799.99","$0.00","$0.00","$0.00","$0.00","REQUIRED","New","US","GA","Macon","31210","4784770972","7X14 TA ENCLOSED WHITE\n-6 added height (6'6) \n-12 extended tongue","","","","","","","","","","","","","","","","","","","","","","","","","","Yes","","","","","","","5967.50","","","No","No","2023-05-16T13:21:14-05:00","0","0",""
"866644","Yes","trailer.utility","Available","2022","Currahee","LD616","","2022 Currahee LD616 Utility Trailer","$3399.99","$0.00","$0.00","$0.00","$0.00","REQUIRED","New","US","GA","Macon","31210","4784770972","LD616 DOUBLE AXLE 6X16 UTILITY TRAILER","","","","","","","","","","","","","","","","","","","","","","","","","","Yes","","","","","","","2794.14","","","No","No","2023-05-16T13:21:14-05:00","0","0",""
"45326","Yes","trailer.car_racing","Available","2022","Currahee","C720","","2022 Currahee C720 Car / Racing Trailer","$4599.99","$0.00","$0.00","$0.00","$0.00","REQUIRED","New","US","GA","Macon","31210","4784770972","C720 CAR HAULER 82X20' WOOD FLOOR","","","","","","","","","","","","","","","","","","","","","","","","","","Yes","","","","","","","3372.18","","","No","No","2023-05-16T13:21:14-05:00","0","0",""
"751863","Yes","trailer.utility","Available","2022","Big Tex Trailers","30SA-10BK4RG","","2022 Big Tex Trailers 30SA-10BK4RG Utility Trailer","$2299.99","$0.00","$0.00","$0.00","$0.00","16V1U1315P2253160","New","US","GA","Macon","31210","4784770972","30SA 5X10 W/RG & SPMT","","","","","","","","","","","","","","","","","","","","","","","","","","Yes","","","","","","","1776.50","","","No","No","2023-05-16T13:21:14-05:00","0","0",""
"971337","Yes","trailer.dump","Available","2022","Big Tex Trailers","14LD-14BK","","2022 Big Tex Trailers 14LD-14BK Dump Trailer","$10799.99","$0.00","$0.00","$0.00","$0.00","REQUIRED","New","US","GA","Macon","31210","4784770972","14LD 83X14 DUMP 2FT SIDE W/ TARP NO RAMPS","","","","","","","","","","","","","","","","","","","","","","","","","","Yes","","","","","","","8708.64","","","No","No","2023-05-16T13:21:14-05:00","0","0",""
"98112","Yes","trailer.equipment","Available","2022","Big Tex Trailers","10ET-20BK-MR","","2022 Big Tex Trailers 10ET-20BK-MR Equipment Trailer","$6799.99","$0.00","$0.00","$0.00","$0.00","REQUIRED","New","US","GA","Macon","31210","4784770972","83x17+3 EQUIPMENT TRAILER W/MR","","","","","","","","","","","","","","","","","","","","","","","","","","Yes","","","","","","","5719.74","","","No","No","2023-05-16T13:21:14-05:00","0","0",""
"1792","Yes","trailer.utility","Available","2022","Currahee","L612","","2022 Currahee L612 Utility Trailer","$1999.99","$0.00","$0.00","$0.00","$0.00","63338","New","US","GA","Macon","31210","4784770972","Single Axle Landscape 6x12","","","","","","","","","","","","","","","","","","","","","","","","","","Yes","","","","","","","1588.96","","","No","No","2023-05-16T13:21:14-05:00","0","0",""
"1793","Yes","trailer.utility","Available","2022","Currahee","L612","","2022 Currahee L612 Utility Trailer","$1999.99","$0.00","$0.00","$0.00","$0.00","62743","New","US","GA","Macon","31210","4784770972","Single Axle Landscape 6x12","","","","","","","","","","","","","","","","","","","","","","","","","","Yes","","","","","","","1588.96","","","No","No","2023-05-16T13:21:15-05:00","0","0",""
"1794","Yes","trailer.utility","Available","2022","Currahee","L612","","2022 Currahee L612 Utility Trailer","$1999.99","$0.00","$0.00","$0.00","$0.00","63339","New","US","GA","Macon","31210","4784770972","Single Axle Landscape 6x12","","","","","","","","","","","","","","","","","","","","","","","","","","Yes","","","","","","","1588.96","","","No","No","2023-05-16T13:21:15-05:00","0","0",""
"1795","Yes","trailer.utility","Available","2022","Currahee","L510","","2022 Currahee L510 Utility Trailer","$1699.99","$0.00","$0.00","$0.00","$0.00","63064","New","US","GA","Macon","31210","4784770972","L510 Single Axle Landscape 5x10","","","","","","","","","","","","","","","","","","","","","","","","","","Yes","","","","","","","1372.42","","","No","No","2023-05-16T13:21:15-05:00","0","0",""
"1800","Yes","trailer.utility","Available","2022","Currahee","LD616","","2022 Currahee LD616 Utility Trailer","$3399.99","$0.00","$0.00","$0.00","$0.00","63444","New","US","GA","Macon","31210","4784770972","LD616 DOUBLE AXLE 6X16 UTILITY TRAILER","","","","","","","","","","","","","","","","","","","","","","","","","","Yes","","","","","","","2635.13","","","No","No","2023-05-16T13:21:15-05:00","0","0",""
"1806","Yes","trailer.cargo_enclosed","Available","2022","Arising","7X14 TA ENCLOSED- BLACK","","2022 Arising 7X14 TA ENCLOSED- BLACK Cargo / Enclosed Trailer","$7199.99","$0.00","$0.00","$0.00","$0.00","5YCBE1420PH000759","New","US","GA","Macon","31210","4784770972","7X14 TA ENCLOSED- BLACK\n-4 D- Rings in floor \n-6 added height (6'6) \n-12 extended tongue","","","","","","","","","","","","","","","","","","","","","","","","","Black","Yes","","","","","","","5727.50","","","No","No","2023-05-16T13:21:15-05:00","0","0",""
"1811","Yes","trailer.cargo_enclosed","Available","2022","Arising","7X16 TA ENCLOSED WHITE","","2022 Arising 7X16 TA ENCLOSED WHITE Cargo / Enclosed Trailer","$7399.99","$0.00","$0.00","$0.00","$0.00","5YCBE1626PH000729","New","US","GA","Macon","31210","4784770972","7X16 TA ENCLOSED WHITE\n-4 D- Rings in floor \n-6 added height (6'6) \n-12 extended tongue\n-Rear ramp flap \n-Bar lock side door","","","","","","","","","","","","","","","","","","","","","","","","","White","Yes","","","","","","","5890.00","","","No","No","2023-05-16T13:21:15-05:00","0","0",""
"1817","Yes","trailer.dump","Available","2022","Big Tex Trailers","14LP-12BK6SIR","","2022 Big Tex Trailers 14LP-12BK6SIR Dump Trailer","$12099.99","$0.00","$0.00","$0.00","$0.00","16V1D172XP5268819","New","US","GA","Macon","31210","4784770972","14LP 83X12 DUMP 2FT SIDES W/TARP","","","","","","","","","","","","","","","","","","","","","","","","","","Yes","","","","","","","9767.37","","","No","No","2023-05-16T13:21:16-05:00","0","0",""
"1818","Yes","trailer.dump","Available","2022","Big Tex Trailers","20GX-16BK6-P4","","2022 Big Tex Trailers 20GX-16BK6-P4 Dump Trailer","$20999.99","$0.00","$0.00","$0.00","$0.00","16V3D2426P5269016","New","US","GA","Macon","31210","4784770972","20GX 82.5X16 4FT SIDES G/N DUMP W TARP","","","","","","","","","","","","","","","","","","","","","","","","","","Yes","","","","","","","16961.33","","","No","No","2023-05-16T13:21:16-05:00","0","0",""
"1983","Yes","trailer.utility","Available","2022","Currahee","L610","","2022 Currahee L610 Utility Trailer","$1899.99","$0.00","$0.00","$0.00","$0.00","63646","New","US","GA","Macon","31210","4784770972","L610 6x10 Single Axle Landscape","","","","","","","","","","","","","","","","","","","","","","","","","","Yes","","","","","","","1518.71","","","No","No","2023-05-16T13:21:16-05:00","0","0",""
"2427","Yes","trailer.cargo_enclosed","Available","2022","Arising","6X12 SA ENCLOSED TRAILER- BLACK","","2022 Arising 6X12 SA ENCLOSED TRAILER- BLACK Cargo / Enclosed Trailer","$4899.99","$0.00","$0.00","$0.00","$0.00","5YCBE1219PH001130","New","US","GA","Macon","31210","4784770972","6X12 SA ENCLOSED TRAILER- BLACK \n- 4 D- Rings in floor \n- 6 added height (6'6)\n- 12 extended tongue","","","","","","","","","","","","","","","","","","","","","","","","","","Yes","","","","","","","3820.00","","","No","No","2023-05-16T13:21:16-05:00","0","0",""
"2429","Yes","trailer.cargo_enclosed","Available","2022","Arising","6X12 SA ENCLOSED TRAILER- WHITE","","2022 Arising 6X12 SA ENCLOSED TRAILER- WHITE Cargo / Enclosed Trailer","$4899.99","$0.00","$0.00","$0.00","$0.00","5YCBE1210PH001131","New","US","GA","Macon","31210","4784770972","6X12 SA ENCLOSED TRAILER- White\n-4 D- Rings in floor \n-6 added height (6'6) \n-12 extended tongue","","","","","","","","","","","","","","","","","","","","","","","","","","Yes","","","","","","","3820.00","","","No","No","2023-05-16T13:21:16-05:00","0","0",""
"2461","Yes","trailer.utility","Available","2022","Currahee","LD616","","2022 Currahee LD616 Utility Trailer","$3399.99","$0.00","$0.00","$0.00","$0.00","64269","New","US","GA","Macon","31210","4784770972","LD616 DOUBLE AXLE 6X16 UTILITY TRAILER","","","","","","","","","","","","","","","","","","","","","","","","","","Yes","","","","","","","2674.47","","","No","No","2023-05-16T13:21:16-05:00","0","0",""
"2462","Yes","trailer.utility","Available","2022","Currahee","LD616","","2022 Currahee LD616 Utility Trailer","$3399.99","$0.00","$0.00","$0.00","$0.00","64264","New","US","GA","Macon","31210","4784770972","LD616 DOUBLE AXLE 6X16 UTILITY TRAILER","","","","","","","","","","","","","","","","","","","","","","","","","","Yes","","","","","","","2674.47","","","No","No","2023-05-16T13:21:16-05:00","0","0",""
"2463","Yes","trailer.utility","Available","2022","Currahee","LD614HS","","2022 Currahee LD614HS Utility Trailer","$3899.99","$0.00","$0.00","$0.00","$0.00","64330","New","US","GA","Macon","31210","4784770972","LD614HS 6X14 TA HIGH MESH SIDE UTILITY TRAILE","","","","","","","","","","","","","","","","","","","","","","","","","","Yes","","","","","","","3066.24","","","No","No","2023-05-16T13:21:17-05:00","0","0",""
"2488","Yes","trailer.utility","Available","2022","Big Tex Trailers","70PI-20XBK4RG-GA","","2022 Big Tex Trailers 70PI-20XBK4RG-GA Utility Trailer","$4999.99","$0.00","$0.00","$0.00","$0.00","16V1U2420P3275042","New","US","GA","Macon","31210","4784770972","70PI 83X20 T/A UTILITY 2 BRAKE","","","","","","","","","","","","","","","","","","","","","","","","","","Yes","","","","","","","4019.90","","","No","No","2023-05-16T13:21:17-05:00","0","0",""
"2489","Yes","trailer.utility","Available","2022","Big Tex Trailers","70PI-18XBK4RG-GA","","2022 Big Tex Trailers 70PI-18XBK4RG-GA Utility Trailer","$4899.99","$0.00","$0.00","$0.00","$0.00","16V1U2221P3276655","New","US","GA","Macon","31210","4784770972","70PI 83X18 T/A UTILITY 2 BRAKE","","","","","","","","","","","","","","","","","","","","","","","","","","Yes","","","","","","","3917.03","","","No","No","2023-05-16T13:21:17-05:00","0","0",""
"2490","Yes","trailer.utility","Available","2022","Big Tex Trailers","70PI-18XBK4RG-GA","","2022 Big Tex Trailers 70PI-18XBK4RG-GA Utility Trailer","$4899.99","$0.00","$0.00","$0.00","$0.00","16V1U2225P3256974","New","US","GA","Macon","31210","4784770972","70PI 83X18 T/A UTILITY 2 BRAKE","","","","","","","","","","","","","","","","","","","","","","","","","","Yes","","","","","","","3721.18","","","No","No","2023-05-16T13:21:17-05:00","0","0",""
"2493","Yes","trailer.utility","Available","2022","Big Tex Trailers","35SA-14BK4RG","","2022 Big Tex Trailers 35SA-14BK4RG Utility Trailer","$2899.99","$0.00","$0.00","$0.00","$0.00","16V1U1711P3275628","New","US","GA","Macon","31210","4784770972","35SA 77X14 SA UTILITY W/RG","","","","","","","","","","","","","","","","","","","","","","","","","","Yes","","","","","","","2281.51","","","No","No","2023-05-16T13:21:17-05:00","0","0",""
"2497","Yes","trailer.utility","Available","2022","Big Tex Trailers","35SA-10BK4RG","","2022 Big Tex Trailers 35SA-10BK4RG Utility Trailer","$2699.99","$0.00","$0.00","$0.00","$0.00","16V1U1316P3246289","New","US","GA","Macon","31210","4784770972","35SA 77X10 SA UTILITY W/RG & SPMT","","","","","","","","","","","","","","","","","","","","","","","","","","Yes","","","","","","","2075.78","","","No","No","2023-05-16T13:21:17-05:00","0","0",""
"2498","Yes","trailer.utility","Available","2022","Big Tex Trailers","30SV-10BK","","2022 Big Tex Trailers 30SV-10BK Utility Trailer","$3099.99","$0.00","$0.00","$0.00","$0.00","16V1W1314P3229226","New","US","GA","Macon","31210","4784770972","30SV-10BK 60X10' SA VANGUARD TRAILER","","","","","","","","","","","","","","","","","","","","","","","","","","Yes","","","","","","","2247.56","","","No","No","2023-05-16T13:21:18-05:00","0","0",""
"2530","Yes","trailer.dump","Available","2022","Big Tex Trailers","10LX-12BK6SIR","","2022 Big Tex Trailers 10LX-12BK6SIR Dump Trailer","$11999.99","$0.00","$0.00","$0.00","$0.00","16V1D162XP5278459","New","US","GA","Macon","31210","4784770972","10LX 83X12 DUMP 2FT W/ ramps\n-Ramps","","","","","","","","","","","","","","","","","","","","","","","","","","Yes","","","","","","","9581.93","","","No","No","2023-05-16T13:21:18-05:00","0","0",""
"2619","Yes","trailer.flatbed","Available","2022","Big Tex Trailers","22GN-25BK 5MR","","2022 Big Tex Trailers 22GN-25BK 5MR Flatbed Trailer","$18799.99","$0.00","$0.00","$0.00","$0.00","16V3F3820P6283398","New","US","GA","Macon","31210","4784770972","22GN 102X25 5 GN TRAILER 10K AXLES","","","","","","","","","","","","","","","","","","","","","","","","","","Yes","","","","","","","14973.10","","","No","No","2023-05-16T13:21:18-05:00","0","0",""
"2620","Yes","trailer.flatbed","Available","2022","Big Tex Trailers","16GN-25BK 5MR","","2022 Big Tex Trailers 16GN-25BK 5MR Flatbed Trailer","$18299.99","$0.00","$0.00","$0.00","$0.00","16V3F3822P6283399","New","US","GA","Macon","31210","4784770972","16GN 102X25 5 G/N TRAILER MEGA RAMPS","","","","","","","","","","","","","","","","","","","","","","","","","","Yes","","","","","","","14646.49","","","No","No","2023-05-16T13:21:18-05:00","0","0",""
"2623","Yes","trailer.dump","Available","2022","Big Tex Trailers","14LP-16BK6-P4","","2022 Big Tex Trailers 14LP-16BK6-P4 Dump Trailer","$13999.99","$0.00","$0.00","$0.00","$0.00","16V1D212XP5281195","New","US","GA","Macon","31210","4784770972","14LP 83X16 DUMP 4FT SIDE W/TARP/RAMP/SPARE","","","","","","","","","","","","","","","","","","","","","","","","","","Yes","","","","","","","11141.70","","","No","No","2023-05-16T13:21:18-05:00","0","0",""
"2624","Yes","trailer.dump","Available","2022","Big Tex Trailers","14LP-16BK6-P4","","2022 Big Tex Trailers 14LP-16BK6-P4 Dump Trailer","$13999.99","$0.00","$0.00","$0.00","$0.00","16V1D2122P5281191","New","US","GA","Macon","31210","4784770972","14LP 83X16 DUMP 4FT SIDE W/TARP/RAMP/SPARE","","","","","","","","","","","","","","","","","","","","","","","","","","Yes","","","","","","","11141.69","","","No","No","2023-05-16T13:21:18-05:00","0","0",""
"2625","Yes","trailer.dump","Available","2022","Big Tex Trailers","14LD-14BK","","2022 Big Tex Trailers 14LD-14BK Dump Trailer","$10799.99","$0.00","$0.00","$0.00","$0.00","16V1D1926P5250055","New","US","GA","Macon","31210","4784770972","14LD 83X14 DUMP 2FT SIDE NO RAMP/TARP W/SPARE","","","","","","","","","","","","","","","","","","","","","","","","","","Yes","","","","","","","8632.77","","","No","No","2023-05-16T13:21:18-05:00","0","0",""
"2626","Yes","trailer.dump","Available","2022","Big Tex Trailers","14LP-14BK6SIRPD","","2022 Big Tex Trailers 14LP-14BK6SIRPD Dump Trailer","$12099.99","$0.00","$0.00","$0.00","$0.00","16V1D1926P5281192","New","US","GA","Macon","31210","4784770972","14LP 83X14 DUMP 2FT SIDES W/RAMPS & SPARE","","","","","","","","","","","","","","","","","","","","","","","","","","Yes","","","","","","","9626.10","","","No","No","2023-05-16T13:21:19-05:00","0","0",""
"2627","Yes","trailer.dump","Available","2022","Big Tex Trailers","14LP-14BK6-P4","","2022 Big Tex Trailers 14LP-14BK6-P4 Dump Trailer","$13199.99","$0.00","$0.00","$0.00","$0.00","16V1D1928P5281193","New","US","GA","Macon","31210","4784770972","14LP 83X14 DUMP 4FT SIDE W/TARP/RAMPS/SPARE","","","","","","","","","","","","","","","","","","","","","","","","","","Yes","","","","","","","10547.74","","","No","No","2023-05-16T13:21:19-05:00","0","0",""
"2644","Yes","trailer.cargo_enclosed","Available","2022","Arising","7X14 TA ENCLOSED BLACK W/ *BLACK OUT PACKAGE*","","2022 Arising 7X14 TA ENCLOSED BLACK W/ *BLACK OUT PACKAGE* Cargo / Enclosed Trailer","$7399.99","$0.00","$0.00","$0.00","$0.00","5YCBE1421PH001323","New","US","GA","Macon","31210","4784770972","7X14 TA ENCLOSED BLACK W/ *BLACK OUT PACKAGE*\n-Blackout package\n-4 D- Rings in floor \n-6 added height (6'6) \n-12 extended tongue\n-Rear ramp flap","","","","","","","","","","","","","","","","","","","","","","","","","","Yes","","","","","","","5803.14","","","No","No","2023-05-16T13:21:19-05:00","0","0",""
"2645","Yes","trailer.cargo_enclosed","Available","2022","Arising","7X16 TA ENCLOSED- BLACK","","2022 Arising 7X16 TA ENCLOSED- BLACK Cargo / Enclosed Trailer","$7399.99","$0.00","$0.00","$0.00","$0.00","5YCBE1627PH001324","New","US","GA","Macon","31210","4784770972","7X16 TA ENCLOSED- BLACK\n-4 D- Rings in floor \n-6 added height (6'6) \n-12 extended tongue\n-Rear ramp flap","","","","","","","","","","","","","","","","","","","","","","","","","","Yes","","","","","","","5852.30","","","No","No","2023-05-16T13:21:19-05:00","0","0",""
"2646","Yes","trailer.cargo_enclosed","Available","2022","Arising","6X10 SA ENCLOSED- WHITE","","2022 Arising 6X10 SA ENCLOSED- WHITE Cargo / Enclosed Trailer","$4399.99","$0.00","$0.00","$0.00","$0.00","5YCBE1013PH001319","New","US","GA","Macon","31210","4784770972","6x10 SA Enclosed- White","","","","","","","","","","","","","","","","","","","","","","","","","","Yes","","","","","","","3438.69","","","No","No","2023-05-16T13:21:19-05:00","0","0",""
"2647","Yes","trailer.cargo_enclosed","Available","2022","Arising","8.5X20 TA ENCLOSED- BLACK W/ BLACKOUT PKG","","2022 Arising 8.5X20 TA ENCLOSED- BLACK W/ BLACKOUT PKG Cargo / Enclosed Trailer","$9299.99","$0.00","$0.00","$0.00","$0.00","5YCBE2023PH001321","New","US","GA","Macon","31210","4784770972","8.5X20 TA ENCLOSED- BLACK W/ BLACKOUT PKG \n-Blackout package\n-12 extended tongue\n-Bar lock (side door)\n-4 D- Rings in floor (standard)\n-6'6 height (standard)\n-Rear ramp flap (standard","","","","","","","","","","","","","","","","","","","","","","","","","","Yes","","","","","","","7287.27","","","No","No","2023-05-16T13:21:19-05:00","0","0",""
"2650","Yes","trailer.dump","Available","2022","Big Tex Trailers","14LP-16BK6SIRPD","","2022 Big Tex Trailers 14LP-16BK6SIRPD Dump Trailer","$12999.99","$0.00","$0.00","$0.00","$0.00","16V1D2126P5283204","New","US","GA","Macon","31210","4784770972","14LP 83X16 DUMP 2FT SIDES W/RAMPS\n-Spare Tire","","","","","","","","","","","","","","","","","","","","","","","","","","Yes","","","","","","","10398.69","","","No","No","2023-05-16T13:21:20-05:00","0","0",""
"2652","Yes","trailer.dump","Available","2022","Big Tex Trailers","14LP-12BK6SIR","","2022 Big Tex Trailers 14LP-12BK6SIR Dump Trailer","$11599.99","$0.00","$0.00","$0.00","$0.00","16D1D1726P5283205","New","US","GA","Macon","31210","4784770972","14LP 83X12 DUMP 2FT SIDES W/TARP","","","","","","","","","","","","","","","","","","","","","","","","","","Yes","","","","","","","9215.52","","","No","No","2023-05-16T13:21:20-05:00","0","0",""
"2653","Yes","trailer.dump","Available","2022","Big Tex Trailers","14LP-14BK6SIRPD","","2022 Big Tex Trailers 14LP-14BK6SIRPD Dump Trailer","$12399.99","$0.00","$0.00","$0.00","$0.00","16V1D1926P5283203","New","US","GA","Macon","31210","4784770972","14LP 83X14 DUMP 2FT SIDES W/RAMPS","","","","","","","","","","","","","","","","","","","","","","","","","","Yes","","","","","","","9807.11","","","No","No","2023-05-16T13:21:20-05:00","0","0",""
"2675","Yes","trailer.utility","Available","2022","Currahee","L612HS","","2022 Currahee L612HS Utility Trailer","$2599.99","$0.00","$0.00","$0.00","$0.00","64485","New","US","GA","Macon","31210","4784770972","L612HS 6x12 SA HIGH MESH Sides","","","","","","","","","","","","","","","","","","","","","","","","","","Yes","","","","","","","1833.21","","","No","No","2023-05-16T13:21:20-05:00","0","0",""
"2677","Yes","trailer.utility","Available","2022","Currahee","LD614","","2022 Currahee LD614 Utility Trailer","$3299.99","$0.00","$0.00","$0.00","$0.00","63616","New","US","GA","Macon","31210","4784770972","LD614 DOUBLE AXLE 6X14","","","","","","","","","","","","","","","","","","","","","","","","","","Yes","","","","","","","2520.54","","","No","No","2023-05-16T13:21:20-05:00","0","0",""
"2679","Yes","trailer.utility","Available","2022","Currahee","LD616HS","","2022 Currahee LD616HS Utility Trailer","$3999.99","$0.00","$0.00","$0.00","$0.00","64134","New","US","GA","Macon","31210","4784770972","LD616HS 6X16 TA HIGH MESH SIDES","","","","","","","","","","","","","","","","","","","","","","","","","","Yes","","","","","","","3216.04","","","No","No","2023-05-16T13:21:20-05:00","0","0",""
"2681","Yes","trailer.utility","Available","2022","Currahee","L612","","2022 Currahee L612 Utility Trailer","$1999.99","$0.00","$0.00","$0.00","$0.00","64473","New","US","GA","Macon","31210","4784770972","Single Axle Landscape 6x12","","","","","","","","","","","","","","","","","","","","","","","","","","Yes","","","","","","","1557.47","","","No","No","2023-05-16T13:21:20-05:00","0","0",""
"2683","Yes","trailer.utility","Available","2022","Big Tex Trailers","60PI-16BK4RG","","2022 Big Tex Trailers 60PI-16BK4RG Utility Trailer","$3999.99","$0.00","$0.00","$0.00","$0.00","16V1U1926P3269118","New","US","GA","Macon","31210","4784770972","60PI 77X16 T/A UTILITY W/RG & S","","","","","","","","","","","","","","","","","","","","","","","","","","Yes","","","","","","","3105.11","","","No","No","2023-05-16T13:21:21-05:00","0","0",""
"2684","Yes","trailer.utility","Available","2022","Big Tex Trailers","60PI-16BK4RG","","2022 Big Tex Trailers 60PI-16BK4RG Utility Trailer","$3999.99","$0.00","$0.00","$0.00","$0.00","16V1U1926P3270494","New","US","GA","Macon","31210","4784770972","60PI 77X16 T/A UTILITY W/RG & S","","","","","","","","","","","","","","","","","","","","","","","","","","Yes","","","","","","","3105.11","","","No","No","2023-05-16T13:21:21-05:00","0","0",""
"2688","Yes","trailer.utility","Available","2022","Big Tex Trailers","60PI-14BK4RG","","2022 Big Tex Trailers 60PI-14BK4RG Utility Trailer","$3899.99","$0.00","$0.00","$0.00","$0.00","16V1U1720P3269117","New","US","GA","Macon","31210","4784770972","60PI 77X14 T/A UTILITY W/RG & S","","","","","","","","","","","","","","","","","","","","","","","","","","Yes","","","","","","","3032.66","","","No","No","2023-05-16T13:21:21-05:00","0","0",""
"2689","Yes","trailer.utility","Available","2022","Big Tex Trailers","60PI-14BK4RG","","2022 Big Tex Trailers 60PI-14BK4RG Utility Trailer","$3899.99","$0.00","$0.00","$0.00","$0.00","16V1U1720P3270493","New","US","GA","Macon","31210","4784770972","60PI 77X14 T/A UTILITY W/RG & S","","","","","","","","","","","","","","","","","","","","","","","","","","Yes","","","","","","","3032.66","","","No","No","2023-05-16T13:21:21-05:00","0","0",""
"2690","Yes","trailer.utility","Available","2022","Big Tex Trailers","60PI-14BK4RG","","2022 Big Tex Trailers 60PI-14BK4RG Utility Trailer","$3899.99","$0.00","$0.00","$0.00","$0.00","16V1U1722P3284492","New","US","GA","Macon","31210","4784770972","60PI 77X14 T/A UTILITY W/RG & S","","","","","","","","","","","","","","","","","","","","","","","","","","Yes","","","","","","","3032.66","","","No","No","2023-05-16T13:21:21-05:00","0","0",""
"2691","Yes","trailer.utility","Available","2022","Big Tex Trailers","60PI-14BK4RG","","2022 Big Tex Trailers 60PI-14BK4RG Utility Trailer","$3899.99","$0.00","$0.00","$0.00","$0.00","16V1U1723P3269113","New","US","GA","Macon","31210","4784770972","60PI 77X14 T/A UTILITY W/RG & S","","","","","","","","","","","","","","","","","","","","","","","","","","Yes","","","","","","","3032.65","","","No","No","2023-05-16T13:21:21-05:00","0","0",""
"2692","Yes","trailer.utility","Available","2022","Big Tex Trailers","60PI-14BK4RG","","2022 Big Tex Trailers 60PI-14BK4RG Utility Trailer","$3899.99","$0.00","$0.00","$0.00","$0.00","16V1U1725P3270490","New","US","GA","Macon","31210","4784770972","60PI 77X14 T/A UTILITY W/RG & S","","","","","","","","","","","","","","","","","","","","","","","","","","Yes","","","","","","","3032.65","","","No","No","2023-05-16T13:21:21-05:00","0","0",""
"2694","Yes","trailer.dump","Available","2022","TUFFDUMP","TD12S GRAY","","2022 TUFFDUMP TD12S GRAY Dump Trailer","$10099.99","$0.00","$0.00","$0.00","$0.00","7NDTBDU23PM000008","New","US","GA","Macon","31210","4784770972","TD12S 7X12 10K DUMP TRAILER- 2FT SIDE W/TARP\n-Tarp kit","","","","","","","","","","","","","","","","","","","","","","","","","","Yes","","","","","","","8059.72","","","No","No","2023-05-16T13:21:22-05:00","0","0",""
"2716","Yes","trailer.cargo_enclosed","Available","2022","Arising","7X12 SA ENCLOSED- WHITE","","2022 Arising 7X12 SA ENCLOSED- WHITE Cargo / Enclosed Trailer","$5499.99","$0.00","$0.00","$0.00","$0.00","5YCBE121XPH001427","New","US","GA","Macon","31210","4784770972","7x12 SA Enclosed- White\n- 4 D- Rings in floor \n- 6 added height (6'6)\n- 12 extended tongue","","","","","","","","","","","","","","","","","","","","","","","","","","Yes","","","","","","","4248.64","","","No","No","2023-05-16T13:21:22-05:00","0","0",""
"2734","Yes","trailer.cargo_enclosed","Available","2022","Arising","7X16 TA ENCLOSED WHITE","","2022 Arising 7X16 TA ENCLOSED WHITE Cargo / Enclosed Trailer","$7499.99","$0.00","$0.00","$0.00","$0.00","5YCBE162XPH001432","New","US","GA","Macon","31210","4784770972","7X16 TA ENCLOSED WHITE\n-4 D- Rings in floor \n-6 added height (6'6) \n-12 extended tongue\n-Rear ramp flap \n-Bar lock side door","","","","","","","","","","","","","","","","","","","","","","","","","","Yes","","","","","","","5820.57","","","No","No","2023-05-16T13:21:22-05:00","0","0",""
"2735","Yes","trailer.cargo_enclosed","Available","2022","Arising","7X16 TA ENCLOSED- MEDIUM CHARCOAL","","2022 Arising 7X16 TA ENCLOSED- MEDIUM CHARCOAL Cargo / Enclosed Trailer","$7499.99","$0.00","$0.00","$0.00","$0.00","5YCBE1621PH001433","New","US","GA","Macon","31210","4784770972","7X16 TA ENCLOSED- Medium Charcoal\n-4 D Rings\n-Ramp Flap\n-6 added height\n-12 extended tongue \n-Bar lock side door","","","","","","","","","","","","","","","","","","","","","","","","","","Yes","","","","","","","5820.56","","","No","No","2023-05-16T13:21:22-05:00","0","0",""
"2751","Yes","trailer.utility","Available","2022","Currahee","L510HS","","2022 Currahee L510HS Utility Trailer","$2299.99","$0.00","$0.00","$0.00","$0.00","64502","New","US","GA","Macon","31210","4784770972","L510HS 5X10 SA HIGH MESH SIDE UTILITY TRAILER","","","","","","","","","","","","","","","","","","","","","","","","","","Yes","","","","","","","1741.98","","","No","No","2023-05-16T13:21:22-05:00","0","0",""
"2752","Yes","trailer.utility","Available","2022","Currahee","L510HS","","2022 Currahee L510HS Utility Trailer","$2299.99","$0.00","$0.00","$0.00","$0.00","64630","New","US","GA","Macon","31210","4784770972","L510HS 5X10 SA HIGH MESH SIDE UTILITY TRAILER","","","","","","","","","","","","","","","","","","","","","","","","","","Yes","","","","","","","1741.98","","","No","No","2023-05-16T13:21:22-05:00","0","0",""
"2753","Yes","trailer.utility","Available","2022","Currahee","L510HS","","2022 Currahee L510HS Utility Trailer","$2299.99","$0.00","$0.00","$0.00","$0.00","64629","New","US","GA","Macon","31210","4784770972","L510HS 5X10 SA HIGH MESH SIDE UTILITY TRAILER","","","","","","","","","","","","","","","","","","","","","","","","","","Yes","","","","","","","1741.98","","","No","No","2023-05-16T13:21:23-05:00","0","0",""
"2755","Yes","trailer.utility","Available","2022","Currahee","LD614","","2022 Currahee LD614 Utility Trailer","$3299.99","$0.00","$0.00","$0.00","$0.00","64424","New","US","GA","Macon","31210","4784770972","LD614 DOUBLE AXLE 6X14","","","","","","","","","","","","","","","","","","","","","","","","","","Yes","","","","","","","2523.01","","","No","No","2023-05-16T13:21:23-05:00","0","0",""
"2756","Yes","trailer.car_racing","Available","2022","Currahee","C718","","2022 Currahee C718 Car / Racing Trailer","$3899.99","$0.00","$0.00","$0.00","$0.00","63500","New","US","GA","Macon","31210","4784770972","C718 82X18 CAR HAULER 2 Brakes","","","","","","","","","","","","","","","","","","","","","","","","","","Yes","","","","","","","2954.42","","","No","No","2023-05-16T13:21:23-05:00","0","0",""
"2758","Yes","trailer.car_racing","Available","2022","Currahee","C720","","2022 Currahee C720 Car / Racing Trailer","$4599.99","$0.00","$0.00","$0.00","$0.00","64625","New","US","GA","Macon","31210","4784770972","C720 CAR HAULER 82X20' WOOD FLOOR","","","","","","","","","","","","","","","","","","","","","","","","","","Yes","","","","","","","3501.34","","","No","No","2023-05-16T13:21:23-05:00","0","0",""
"2795","Yes","trailer.dump","Available","2023","TUFFDUMP","TD14HS","","2023 TUFFDUMP TD14HS Dump Trailer","$11999.99","$0.00","$0.00","$0.00","$0.00","7NDTBDT26PM000103","New","US","GA","Macon","31210","4784770972","TD14HS 7X14 14K DUMP TRAILER- 4FT SIDE","","","","","","","","","","","","","","","","","","","","","","","","","","Yes","","","","","","","9586.18","","","No","No","2023-05-16T13:21:23-05:00","0","0",""
"2804","Yes","trailer.cargo_enclosed","Available","2023","Arising","7X16 TA ENCLOSED- BLACK","","2023 Arising 7X16 TA ENCLOSED- BLACK Cargo / Enclosed Trailer","$7399.99","$0.00","$0.00","$0.00","$0.00","5YCBE1623PH001563","New","US","GA","Macon","31210","4784770972","7X16 TA ENCLOSED- BLACK\n-4 D- Rings in floor \n-6 added height (6'6) \n-12 extended tongue\n-Rear ramp flap \n- Side bar lock","","","","","","","","","","","","","","","","","","","","","","","","","","Yes","","","","","","","5816.19","","","No","No","2023-05-16T13:21:23-05:00","0","0",""
"2805","Yes","trailer.cargo_enclosed","Available","2023","Arising","7X16 TA ENCLOSED- BLACK","","2023 Arising 7X16 TA ENCLOSED- BLACK Cargo / Enclosed Trailer","$7399.99","$0.00","$0.00","$0.00","$0.00","5YCBE1625PH001564","New","US","GA","Macon","31210","4784770972","7X16 TA ENCLOSED- BLACK\n-4 D- Rings in floor \n-6 added height (6'6) \n-12 extended tongue\n-Rear ramp flap \n- Side bar lock","","","","","","","","","","","","","","","","","","","","","","","","","","Yes","","","","","","","5816.19","","","No","No","2023-05-16T13:21:23-05:00","0","0",""
"2806","Yes","trailer.cargo_enclosed","Available","2023","Arising","7X18 TA ENCLOSED- BLACK","","2023 Arising 7X18 TA ENCLOSED- BLACK Cargo / Enclosed Trailer","$7799.99","$0.00","$0.00","$0.00","$0.00","5YCBE1820PH001565","New","US","GA","Macon","31210","4784770972","7X18 TA ENCLOSED- BLACK\n-4 D- Rings in floor \n-6 added height (6'6) \n-12 extended tongue\n-Rear ramp flap \n-Bar lock on side door","","","","","","","","","","","","","","","","","","","","","","","","","","Yes","","","","","","","6155.12","","","No","No","2023-05-16T13:21:24-05:00","0","0",""
"2825","Yes","trailer.cargo_enclosed","Available","2023","Arising","6X10 SA ENCLOSED- BLACK","","2023 Arising 6X10 SA ENCLOSED- BLACK Cargo / Enclosed Trailer","$4599.99","$0.00","$0.00","$0.00","$0.00","5YCBE1013PH001675","New","US","GA","Macon","31210","4784770972","6 added height\n12 added tongue\n4 D- Rings in Floor","","","","","","","","","","","","","","","","","","","","","","","","","","Yes","","","","","","","3645.38","","","No","No","2023-05-16T13:21:24-05:00","0","0",""
"2826","Yes","trailer.cargo_enclosed","Available","2023","Arising","6X10 SA ENCLOSED- WHITE","","2023 Arising 6X10 SA ENCLOSED- WHITE Cargo / Enclosed Trailer","$4599.99","$0.00","$0.00","$0.00","$0.00","5YCBE1015PH001676","New","US","GA","Macon","31210","4784770972","6x10 SA Enclosed- White","","","","","","","","","","","","","","","","","","","","","","","","","","Yes","","","","","","","3645.38","","","No","No","2023-05-16T13:21:24-05:00","0","0",""
"2827","Yes","trailer.cargo_enclosed","Available","2023","Arising","7X14 TA ENCLOSED- BLACK","","2023 Arising 7X14 TA ENCLOSED- BLACK Cargo / Enclosed Trailer","$6999.99","$0.00","$0.00","$0.00","$0.00","5YCBE1423PH001677","New","US","GA","Macon","31210","4784770972","7X14 TA ENCLOSED- BLACK\n-4 D- Rings in floor \n-6 added height (6'6) \n-12 extended tongue\n-Rear ramp flap \n-Bar lock on side door","","","","","","","","","","","","","","","","","","","","","","","","","","Yes","","","","","","","5505.53","","","No","No","2023-05-16T13:21:24-05:00","0","0",""
"2828","Yes","trailer.cargo_enclosed","Available","2023","Arising","7X14 TA ENCLOSED BLACK W/ *BLACK OUT PACKAGE*","","2023 Arising 7X14 TA ENCLOSED BLACK W/ *BLACK OUT PACKAGE* Cargo / Enclosed Trailer","$7399.99","$0.00","$0.00","$0.00","$0.00","5YCBE1425PH001678","New","US","GA","Macon","31210","4784770972","7X14 TA ENCLOSED BLACK W/ *BLACK OUT PACKAGE*\n-Blackout package\n-4 D- Rings in floor \n-6 added height (6'6) \n-12 extended tongue\n-Rear ramp flap\n-Bar lock on side door","","","","","","","","","","","","","","","","","","","","","","","","","","Yes","","","","","","","5758.71","","","No","No","2023-05-16T13:21:24-05:00","0","0",""
"2829","Yes","trailer.cargo_enclosed","Available","2023","Arising","7X12 TA ENCLOSED BLACK","","2023 Arising 7X12 TA ENCLOSED BLACK Cargo / Enclosed Trailer","$6799.99","$0.00","$0.00","$0.00","$0.00","5YCBE1220PH001672","New","US","GA","Macon","31210","4784770972","7X12 TA ENCLOSED BLACK","","","","","","","","","","","","","","","","","","","","","","","","","","Yes","","","","","","","5331.79","","","No","No","2023-05-16T13:21:24-05:00","0","0",""
"2830","Yes","trailer.cargo_enclosed","Available","2023","Arising","7X16 TA ENCLOSED- WHITE W/ *BLACK OUT PACKAGE","","2023 Arising 7X16 TA ENCLOSED- WHITE W/ *BLACK OUT PACKAGE Cargo / Enclosed Trailer","$7799.99","$0.00","$0.00","$0.00","$0.00","5YCBE162XPH001673","New","US","GA","Macon","31210","4784770972","7X16 TA ENCLOSED- WHITE W/ *BLACK OUT PACKAGE\n-Blackout package\n-4 D- Rings in floor \n-6 added height (6'6) \n-12 extended tongue\n-Rear ramp flap \n-Bar lock on side door","","","","","","","","","","","","","","","","","","","","","","","","","","Yes","","","","","","","6108.27","","","No","No","2023-05-16T13:21:25-05:00","0","0",""
"2831","Yes","trailer.cargo_enclosed","Available","2023","Arising","7X18 TA ENCLOSED- WHITE","","2023 Arising 7X18 TA ENCLOSED- WHITE Cargo / Enclosed Trailer","$7799.99","$0.00","$0.00","$0.00","$0.00","5YCBE1825PH001674","New","US","GA","Macon","31210","4784770972","7x18 TA Enclosed- White\n-4 D- Rings in floor \n-6 added height (6'6) \n-12 extended tongue\n-Rear ramp flap \n-Bar lock on side door","","","","","","","","","","","","","","","","","","","","","","","","","","Yes","","","","","","","6157.44","","","No","No","2023-05-16T13:21:25-05:00","0","0",""
"2845","Yes","trailer.flatbed","Available","2023","Big Tex Trailers","22GN-30BK 5MR","","2023 Big Tex Trailers 22GN-30BK 5MR Flatbed Trailer","$19499.99","$0.00","$0.00","$0.00","$0.00","16V3F4327P6299613","New","US","GA","Macon","31210","4784770972","22GN 102X30+5 G/N TRAILER MEGA RAMPS","","","","","","","","","","","","","","","","","","","","","","","","","","Yes","","","","","","","15425.47","","","No","No","2023-05-16T13:21:25-05:00","0","0",""
"2847","Yes","trailer.flatbed","Available","2023","Big Tex Trailers","14GN-25BK 5MR","","2023 Big Tex Trailers 14GN-25BK 5MR Flatbed Trailer","$13399.99","$0.00","$0.00","$0.00","$0.00","16V3F3828R6289856","New","US","GA","Macon","31210","4784770972","14GN 102X25+5 G/N TRAILER 7K AXLES","","","","","","","","","","","","","","","","","","","","","","","","","","Yes","","","","","","","10608.21","","","No","No","2023-05-16T13:21:25-05:00","0","0",""
"2848","Yes","trailer.flatbed","Available","2023","Big Tex Trailers","14GN-20BK 5MR","","2023 Big Tex Trailers 14GN-20BK 5MR Flatbed Trailer","$12899.99","$0.00","$0.00","$0.00","$0.00","16V3F3325R6289854","New","US","GA","Macon","31210","4784770972","14GN 102X20+5 G/N TRAILER 7K AXLES","","","","","","","","","","","","","","","","","","","","","","","","","","Yes","","","","","","","10218.73","","","No","No","2023-05-16T13:21:25-05:00","0","0",""
"2906","Yes","trailer.utility","Available","2023","GPS Trailers","GTT6127K","","2023 GPS Trailers GTT6127K Utility Trailer","$3699.99","$0.00","$0.00","$0.00","$0.00","7PZBU122XPT006885","New","US","GA","Macon","31210","4784770972","GTT6127K 76X12 TA Pipe Top Utility Trailer \n-Flip Up Jack","","","","","","","","","","","","","","","","","","","","","","","","","","Yes","","","","","","","2912.79","","","No","No","2023-05-16T13:21:25-05:00","0","0",""
"2907","Yes","trailer.utility","Available","2023","GPS Trailers","GTT6147K","","2023 GPS Trailers GTT6147K Utility Trailer","$3799.99","$0.00","$0.00","$0.00","$0.00","7PZBU1425PT006886","New","US","GA","Macon","31210","4784770972","GTT6147K 76X14' TA Pipe Top Utility Trailer \n-Flip Up Jack","","","","","","","","","","","","","","","","","","","","","","","","","","Yes","","","","","","","2938.25","","","No","No","2023-05-16T13:21:26-05:00","0","0",""
"2908","Yes","trailer.utility","Available","2023","GPS Trailers","GTT6147K","","2023 GPS Trailers GTT6147K Utility Trailer","$3799.99","$0.00","$0.00","$0.00","$0.00","7PZBU1427PT006887","New","US","GA","Macon","31210","4784770972","GTT6147K 76X14' TA Pipe Top Utility Trailer \n-Flip Up Jack","","","","","","","","","","","","","","","","","","","","","","","","","","Yes","","","","","","","2958.11","","","No","No","2023-05-16T13:21:26-05:00","0","0",""
"2909","Yes","trailer.utility","Available","2023","GPS Trailers","GTT6147KDT","","2023 GPS Trailers GTT6147KDT Utility Trailer","$3899.99","$0.00","$0.00","$0.00","$0.00","7PZBU1429PT006888","New","US","GA","Macon","31210","4784770972","GTT6147KDT 76X14' TA Pipe Top Utility Trailer \n-Flip Up Jack","","","","","","","","","","","","","","","","","","","","","","","","","","Yes","","","","","","","3014.63","","","No","No","2023-05-16T13:21:26-05:00","0","0",""
"2910","Yes","trailer.utility","Available","2023","GPS Trailers","GTT6167K","","2023 GPS Trailers GTT6167K Utility Trailer","$3899.99","$0.00","$0.00","$0.00","$0.00","7PZBU1620PT006890","New","US","GA","Macon","31210","4784770972","GTT6167K 76X16' TA Pipe Top Utility Trailer \n-Flip Up Jack","","","","","","","","","","","","","","","","","","","","","","","","","","Yes","","","","","","","3009.38","","","No","No","2023-05-16T13:21:26-05:00","0","0",""
"2911","Yes","trailer.utility","Available","2023","GPS Trailers","GTT6167K","","2023 GPS Trailers GTT6167K Utility Trailer","$3899.99","$0.00","$0.00","$0.00","$0.00","7PZBU1624PT006889","New","US","GA","Macon","31210","4784770972","GTT6167K 76X16' TA Pipe Top Utility Trailer \n-Flip Up Jack","","","","","","","","","","","","","","","","","","","","","","","","","","Yes","","","","","","","3009.38","","","No","No","2023-05-16T13:21:26-05:00","0","0",""
"2913","Yes","trailer.equipment","Available","2023","GPS Trailers","EH2010K","","2023 GPS Trailers EH2010K Equipment Trailer","$5599.99","$0.00","$0.00","$0.00","$0.00","7PZBU2029PT006918","New","US","GA","Macon","31210","4784770972","EH2010K 10K 7x20 Equipment Trailer w/ Dovetail","","","","","","","","","","","","","","","","","","","","","","","","","","Yes","","","","","","","4379.37","","","No","No","2023-05-16T13:21:26-05:00","0","0",""
"2924","Yes","trailer.equipment","Available","2023","GPS Trailers","EH2410K","","2023 GPS Trailers EH2410K Equipment Trailer","$6299.99","$0.00","$0.00","$0.00","$0.00","7PZBU2428PT006920","New","US","GA","Macon","31210","4784770972","EH2410K 10K 7X24 EQUIPMENT TRAILER W/ DOVETAIL","","","","","","","","","","","","","","","","","","","","","","","","","","Yes","","","","","","","4939.52","","","No","No","2023-05-16T13:21:27-05:00","0","0",""
"2952","Yes","trailer.dump","Available","2023","TUFFDUMP","TD14HS GRAY","","2023 TUFFDUMP TD14HS GRAY Dump Trailer","$11999.99","$0.00","$0.00","$0.00","$0.00","7NDTBDT20PM000176","New","US","GA","Macon","31210","4784770972","TD14HS Gray 7X14 14K DUMP TRAILER- 4FT SIDE W TARP\n-Tarp kit\n-Spare tire","","","","","","","","","","","","","","","","","","","","","","","","","","Yes","","","","","","","9433.66","","","No","No","2023-05-16T13:21:27-05:00","0","0",""
"3037","Yes","trailer.equipment","Available","2023","GPS Trailers","EH1810K","","2023 GPS Trailers EH1810K Equipment Trailer","$5499.99","$0.00","$0.00","$0.00","$0.00","7PZBU1829PT006917","New","US","GA","Macon","31210","4784770972","EH1810K 10K 7X18 EQUIPMENT TRAILER W/ DOVETAIL","","","","","","","","","","","","","","","","","","","","","","","","","","Yes","","","","","","","4328.44","","","No","No","2023-05-16T13:21:27-05:00","0","0",""
"3047","Yes","trailer.dump","Available","2023","Big Tex Trailers","10SR-12XLBK6SIR","","2023 Big Tex Trailers 10SR-12XLBK6SIR Dump Trailer","$10999.99","$0.00","$0.00","$0.00","$0.00","16V1D1624P5276061","New","US","GA","Macon","31210","4784770972","10SR-12XLBK6SIR 10K 83x12' Single Ram Dump W TARP","","","","","","","","","","","","","","","","","","","","","","","","","","Yes","","","","","","","8850.73","","","No","No","2023-05-16T13:21:27-05:00","0","0",""
"3048","Yes","trailer.dump","Available","2023","Big Tex Trailers","14LP-16BK6SIRPD","","2023 Big Tex Trailers 14LP-16BK6SIRPD Dump Trailer","$12999.99","$0.00","$0.00","$0.00","$0.00","16V1D2125P5275188","New","US","GA","Macon","31210","4784770972","14LP 83X16 DUMP 2FT SIDES W/RAMPS \n-Spare Tire","","","","","","","","","","","","","","","","","","","","","","","","","","Yes","","","","","","","10223.41","","","No","No","2023-05-16T13:21:27-05:00","0","0",""
"3049","Yes","trailer.dump","Available","2023","Big Tex Trailers","14LP-14BK6SIRPD","","2023 Big Tex Trailers 14LP-14BK6SIRPD Dump Trailer","$12099.99","$0.00","$0.00","$0.00","$0.00","16V1D1927P5276101","New","US","GA","Macon","31210","4784770972","14LP 83X14 DUMP 2FT SIDES W/RAMPS","","","","","","","","","","","","","","","","","","","","","","","","","","Yes","","","","","","","9629.27","","","No","No","2023-05-16T13:21:27-05:00","0","0",""
"3066","Yes","trailer.flatbed","Available","2023","Big Tex Trailers","16GN-30BK 5MR 102X30 5 G/N TRAILER MEGA RAMPS","","2023 Big Tex Trailers 16GN-30BK 5MR 102X30 5 G/N TRAILER MEGA RAMPS Flatbed Trailer","$16499.99","$0.00","$0.00","$0.00","$0.00","16V3F432XR6296000","New","US","GA","Macon","31210","4784770972","16GN-30BK+5MR 102X30+5 G/N TRAILER MEGA RAMPS","","","","","","","","","","","","","","","","","","","","","","","","","","Yes","","","","","","","13047.59","","","No","No","2023-05-16T13:21:27-05:00","0","0",""
"3069","Yes","trailer.dump","Available","2023","Big Tex Trailers","90SR-12BK6SIR","","2023 Big Tex Trailers 90SR-12BK6SIR Dump Trailer","$10399.99","$0.00","$0.00","$0.00","$0.00","16V1D162XP5273147","New","US","GA","Macon","31210","4784770972","90SR-12BK6SIR DUMP TRAILER SIR","","","","","","","","","","","","","","","","","","","","","","","","","","Yes","","","","","","","8224.74","","","No","No","2023-05-16T13:21:28-05:00","0","0",""
"3157","Yes","trailer.utility","Available","2023","GPS Trailers","GTT6147KDT","","2023 GPS Trailers GTT6147KDT Utility Trailer","$3899.99","$0.00","$0.00","$0.00","$0.00","7PZBU1420PT007153","New","US","GA","Macon","31210","4784770972","GTT6147KDT 76X14' TA Pipe Top Utility Trailer","","","","","","","","","","","","","","","","","","","","","","","","","","Yes","","","","","","","2992.14","","","No","No","2023-05-16T13:21:28-05:00","0","0",""
"3159","Yes","trailer.utility","Available","2023","GPS Trailers","GTT6167KDT","","2023 GPS Trailers GTT6167KDT Utility Trailer","$4099.99","$0.00","$0.00","$0.00","$0.00","7PZBU1628PT007155","New","US","GA","Macon","31210","4784770972","GTT6167KDT 76X16' TA Pipe Top Utility Trailer w/ Dovetail","","","","","","","","","","","","","","","","","","","","","","","","","","Yes","","","","","","","3043.30","","","No","No","2023-05-16T13:21:28-05:00","0","0",""
"3160","Yes","trailer.utility","Available","2023","GPS Trailers","GTT6167KDT","","2023 GPS Trailers GTT6167KDT Utility Trailer","$4099.99","$0.00","$0.00","$0.00","$0.00","7PZBU162XPT007156","New","US","GA","Macon","31210","4784770972","GTT6167KDT 76X16' TA Pipe Top Utility Trailer w/ Dovetail","","","","","","","","","","","","","","","","","","","","","","","","","","Yes","","","","","","","3043.29","","","No","No","2023-05-16T13:21:28-05:00","0","0",""
"3161","Yes","trailer.utility","Available","2023","GPS Trailers","GTT7187KDT","","2023 GPS Trailers GTT7187KDT Utility Trailer","$4399.99","$0.00","$0.00","$0.00","$0.00","7PZBU1825PT007157","New","US","GA","Macon","31210","4784770972","GTT7187KDT 82X18' TA PIPE TOP UTILITY TRAILER W/ DOVETAIL","","","","","","","","","","","","","","","","","","","","","","","","","","Yes","","","","","","","3293.92","","","No","No","2023-05-16T13:21:28-05:00","0","0",""
"3162","Yes","trailer.equipment","Available","2023","GPS Trailers","EH2414K","","2023 GPS Trailers EH2414K Equipment Trailer","$6999.99","$0.00","$0.00","$0.00","$0.00","7PZBU2429PT007237","New","US","GA","Macon","31210","4784770972","EH2414K 14K 7X24 EQUIPMENT TRAILER W/ DOVETAIL","","","","","","","","","","","","","","","","","","","","","","","","","","Yes","","","","","","","5523.97","","","No","No","2023-05-16T13:21:28-05:00","0","0",""
"3212","Yes","trailer.utility","Available","2023","Big Tex Trailers","70PI-18XBK4RG-GA","","2023 Big Tex Trailers 70PI-18XBK4RG-GA Utility Trailer","$4799.99","$0.00","$0.00","$0.00","$0.00","16V1U2229P3282896","New","US","GA","Macon","31210","4784770972","70PI 83X18 T/A UTILITY 2 BRAKE","","","","","","","","","","","","","","","","","","","","","","","","","","Yes","","","","","","","3684.73","","","No","No","2023-05-16T13:21:29-05:00","0","0",""
"3213","Yes","trailer.utility","Available","2023","Big Tex Trailers","70PI-18XBK4RG-GA","","2023 Big Tex Trailers 70PI-18XBK4RG-GA Utility Trailer","$4799.99","$0.00","$0.00","$0.00","$0.00","16V1U2224P3282904","New","US","GA","Macon","31210","4784770972","70PI 83X18 T/A UTILITY 2 BRAKE","","","","","","","","","","","","","","","","","","","","","","","","","","Yes","","","","","","","3684.73","","","No","No","2023-05-16T13:21:29-05:00","0","0",""
"3239","Yes","trailer.equipment","Available","2023","GPS Trailers","EH2010K","","2023 GPS Trailers EH2010K Equipment Trailer","$5599.99","$0.00","$0.00","$0.00","$0.00","7PZBU2026PT007234","New","US","GA","Macon","31210","4784770972","EH2010K 10K 7x20 Equipment Trailer w/ Dovetail","","","","","","","","","","","","","","","","","","","","","","","","","","Yes","","","","","","","4400.84","","","No","No","2023-05-16T13:21:29-05:00","0","0",""
"3241","Yes","trailer.equipment","Available","2023","GPS Trailers","EH2410K","","2023 GPS Trailers EH2410K Equipment Trailer","$6299.99","$0.00","$0.00","$0.00","$0.00","7PZBE2420PT007236","New","US","GA","Macon","31210","4784770972","EH2410K 10K 7X24 EQUIPMENT TRAILER W/ DOVETAIL","","","","","","","","","","","","","","","","","","","","","","","","","","Yes","","","","","","","4940.26","","","No","No","2023-05-16T13:21:29-05:00","0","0",""
"3242","Yes","trailer.equipment","Available","2023","GPS Trailers","EH2414K","","2023 GPS Trailers EH2414K Equipment Trailer","$6999.99","$0.00","$0.00","$0.00","$0.00","7PZBU2420PT007238","New","US","GA","Macon","31210","4784770972","EH2414K 14K 7X24 EQUIPMENT TRAILER W/ DOVETAIL","","","","","","","","","","","","","","","","","","","","","","","","","","Yes","","","","","","","5526.63","","","No","No","2023-05-16T13:21:29-05:00","0","0",""
"3243","Yes","trailer.equipment","Available","2023","GPS Trailers","EH2414K","","2023 GPS Trailers EH2414K Equipment Trailer","$6999.99","$0.00","$0.00","$0.00","$0.00","7PZBU2422PT007158","New","US","GA","Macon","31210","4784770972","EH2414K 14K 7X24 EQUIPMENT TRAILER W/ DOVETAIL","","","","","","","","","","","","","","","","","","","","","","","","","","Yes","","","","","","","5500.49","","","No","No","2023-05-16T13:21:29-05:00","0","0",""
"3244","Yes","trailer.utility","Available","2023","GPS Trailers","GTT6167KDT","","2023 GPS Trailers GTT6167KDT Utility Trailer","$4099.99","$0.00","$0.00","$0.00","$0.00","7PZBU1623PT007239","New","US","GA","Macon","31210","4784770972","GTT6167KDT 76X16' TA Pipe Top Utility Trailer w/ Dovetail","","","","","","","","","","","","","","","","","","","","","","","","","","Yes","","","","","","","3044.76","","","No","No","2023-05-16T13:21:29-05:00","0","0",""
"3245","Yes","trailer.utility","Available","2023","GPS Trailers","GTT6167KDT","","2023 GPS Trailers GTT6167KDT Utility Trailer","$4099.99","$0.00","$0.00","$0.00","$0.00","7PZBU162XPT007240","New","US","GA","Macon","31210","4784770972","GTT6167KDT 76X16' TA Pipe Top Utility Trailer w/ Dovetail","","","","","","","","","","","","","","","","","","","","","","","","","","Yes","","","","","","","3044.76","","","No","No","2023-05-16T13:21:30-05:00","0","0",""
"3246","Yes","trailer.utility","Available","2023","GPS Trailers","GTT6147KDT","","2023 GPS Trailers GTT6147KDT Utility Trailer","$3899.99","$0.00","$0.00","$0.00","$0.00","7PZBU1428PT007241","New","US","GA","Macon","31210","4784770972","GTT6147KDT 76X14' TA Pipe Top Utility Trailer","","","","","","","","","","","","","","","","","","","","","","","","","","Yes","","","","","","","2979.43","","","No","No","2023-05-16T13:21:30-05:00","0","0",""
"3247","Yes","trailer.utility","Available","2023","GPS Trailers","GTT6167K","","2023 GPS Trailers GTT6167K Utility Trailer","$3899.99","$0.00","$0.00","$0.00","$0.00","7PZBU1623PT007242","New","US","GA","Macon","31210","4784770972","GTT6167K 76X16' TA Pipe Top Utility Trailer","","","","","","","","","","","","","","","","","","","","","","","","","","Yes","","","","","","","2968.01","","","No","No","2023-05-16T13:21:30-05:00","0","0",""
"3290","Yes","trailer.flatbed","Available","2023","Big Tex Trailers","14GN-25BK 5MR","","2023 Big Tex Trailers 14GN-25BK 5MR Flatbed Trailer","$13699.99","$0.00","$0.00","$0.00","$0.00","16V3F3826P6296365","New","US","GA","Macon","31210","4784770972","14GN 102X25+5 G/N TRAILER 7K AXLES","","","","","","","","","","","","","","","","","","","","","","","","","","Yes","","","","","","","10592.34","","","No","No","2023-05-16T13:21:30-05:00","0","0",""
"3291","Yes","trailer.flatbed","Available","2023","Big Tex Trailers","22GN-40D5A-MRBK (35 5)","","2023 Big Tex Trailers 22GN-40D5A-MRBK (35 5) Flatbed Trailer","$19999.99","$0.00","$0.00","$0.00","$0.00","16V3F4820R6301813","New","US","GA","Macon","31210","4784770972","22GN 102X35+5 GN TRAILER 10K AXLES","","","","","","","","","","","","","","","","","","","","","","","","","","Yes","","","","","","","15781.05","","","No","No","2023-05-16T13:21:30-05:00","0","0",""
"3292","Yes","trailer.flatbed","Available","2023","Big Tex Trailers","14GN-28BK 5MR","","2023 Big Tex Trailers 14GN-28BK 5MR Flatbed Trailer","$13999.99","$0.00","$0.00","$0.00","$0.00","16V3F4120R6301871","New","US","GA","Macon","31210","4784770972","14GN 102X28+5 G/N TRAILER 7K AXLES","","","","","","","","","","","","","","","","","","","","","","","","","","Yes","","","","","","","10827.73","","","No","No","2023-05-16T13:21:30-05:00","0","0",""
"3293","Yes","trailer.flatbed","Available","2023","Big Tex Trailers","22GN-33D5A-MRBK (28 5)","","2023 Big Tex Trailers 22GN-33D5A-MRBK (28 5) Flatbed Trailer","$19599.99","$0.00","$0.00","$0.00","$0.00","16V3F4121R6300034","New","US","GA","Macon","31210","4784770972","22GN 102X28+5 GN TRAILER 10K AXLES","","","","","","","","","","","","","","","","","","","","","","","","","","Yes","","","","","","","15248.88","","","No","No","2023-05-16T13:21:30-05:00","0","0",""
"3330","Yes","trailer.dump","Available","2023","Big Tex Trailers","14LD-14BK","","2023 Big Tex Trailers 14LD-14BK Dump Trailer","$10799.99","$0.00","$0.00","$0.00","$0.00","16V1D192XP5281194","New","US","GA","Macon","31210","4784770972","14LD 83X14 DUMP 2FT SIDE W/ TARP NO RAMPS","","","","","","","","","","","","","","","","","","","","","","","","","","Yes","","","","","","","8485.41","","","No","No","2023-05-16T13:21:31-05:00","0","0",""
"3331","Yes","trailer.dump","Available","2023","Big Tex Trailers","12SR-12XLBK6SIR","","2023 Big Tex Trailers 12SR-12XLBK6SIR Dump Trailer","$11399.99","$0.00","$0.00","$0.00","$0.00","16V1D1626P5275168","New","US","GA","Macon","31210","4784770972","12SR 83x12' 12K Dump Trailer 2' Sides","","","","","","","","","","","","","","","","","","","","","","","","","","Yes","","","","","","","9109.99","","","No","No","2023-05-16T13:21:31-05:00","0","0",""
"3332","Yes","trailer.dump","Available","2023","Big Tex Trailers","16LP-16BK6-P4","","2023 Big Tex Trailers 16LP-16BK6-P4 Dump Trailer","$18999.99","$0.00","$0.00","$0.00","$0.00","16V1D2127P5291408","New","US","GA","Macon","31210","4784770972","16LP 83X16 DUMP 4FT SIDES RAMPS/TARP\n-Ramps\n-Tarp","","","","","","","","","","","","","","","","","","","","","","","","","","Yes","","","","","","","14498.71","","","No","No","2023-05-16T13:21:31-05:00","0","0",""
"3333","Yes","trailer.dump","Available","2023","Big Tex Trailers","14GX-16BK6-P4","","2023 Big Tex Trailers 14GX-16BK6-P4 Dump Trailer","$15599.99","$0.00","$0.00","$0.00","$0.00","16V3D2423P5274092","New","US","GA","Macon","31210","4784770972","14GX-16BK6-P4 GOOSENECK DUMP TRAILER 16' 4FT SIDES","","","","","","","","","","","","","","","","","","","","","","","","","","Yes","","","","","","","12465.23","","","No","No","2023-05-16T13:21:31-05:00","0","0",""
"3334","Yes","trailer.dump","Available","2023","Big Tex Trailers","12SR-12XLBK6SIR","","2023 Big Tex Trailers 12SR-12XLBK6SIR Dump Trailer","$11399.99","$0.00","$0.00","$0.00","$0.00","16V1D1626P5276109","New","US","GA","Macon","31210","4784770972","12SR 83x12' 12K Dump Trailer 2' Sides","","","","","","","","","","","","","","","","","","","","","","","","","","Yes","","","","","","","9109.99","","","No","No","2023-05-16T13:21:31-05:00","0","0",""
"3336","Yes","trailer.dump","Available","2023","Big Tex Trailers","70SR-10-5WDD","","2023 Big Tex Trailers 70SR-10-5WDD Dump Trailer","$7699.99","$0.00","$0.00","$0.00","$0.00","16V1D1425P5286665","New","US","GA","Macon","31210","4784770972","70SR 60X10' DUMP TRAILER","","","","","","","","","","","","","","","","","","","","","","","","","","Yes","","","","","","","5998.76","","","No","No","2023-05-16T13:21:31-05:00","0","0",""
"3337","Yes","trailer.dump","Available","2023","Big Tex Trailers","90SR-10","","2023 Big Tex Trailers 90SR-10 Dump Trailer","$9199.99","$0.00","$0.00","$0.00","$0.00","16V1D1425P5281465","New","US","GA","Macon","31210","4784770972","90SR-10","","","","","","","","","","","","","","","","","","","","","","","","","","Yes","","","","","","","7218.85","","","No","No","2023-05-16T13:21:32-05:00","0","0",""
"3583","Yes","trailer.equipment","Available","2023","GPS Trailers","EH2014K","","2023 GPS Trailers EH2014K Equipment Trailer","$6299.99","$0.00","$0.00","$0.00","$0.00","7PZBU2029PT007471","New","US","GA","Macon","31210","4784770972","EH2014K 14K 7X20 EQUIPMENT TRAILER W/ DOVETAIL","","","","","","","","","","","","","","","","","","","","","","","","","","Yes","","","","","","","4925.48","","","No","No","2023-05-16T13:21:32-05:00","0","0",""
"3585","Yes","trailer.equipment","Available","2023","GPS Trailers","EH2014K","","2023 GPS Trailers EH2014K Equipment Trailer","$6299.99","$0.00","$0.00","$0.00","$0.00","7PZBU2020PT007469","New","US","GA","Macon","31210","4784770972","EH2014K 14K 7X20 EQUIPMENT TRAILER W/ DOVETAIL","","","","","","","","","","","","","","","","","","","","","","","","","","Yes","","","","","","","4932.82","","","No","No","2023-05-16T13:21:32-05:00","0","0",""
"3586","Yes","trailer.utility","Available","2023","GPS Trailers","GT614","","2023 GPS Trailers GT614 Utility Trailer","$2499.99","$0.00","$0.00","$0.00","$0.00","7PZBU1416PT007472","New","US","GA","Macon","31210","4784770972","GT614 76X14' SA PIPE TOP UTILITY TRAILER","","","","","","","","","","","","","","","","","","","","","","","","","","Yes","","","","","","","1870.37","","","No","No","2023-05-16T13:21:32-05:00","0","0",""
"3662","Yes","trailer.cargo_enclosed","Available","2023","Angel Trailers","7X14 TA ENCLOSED- WHITE","","2023 Angel Trailers 7X14 TA ENCLOSED- WHITE Cargo / Enclosed Trailer","$6599.99","$0.00","$0.00","$0.00","$0.00","7FYBE142XPD028794","New","US","GA","Macon","31210","4784770972","7x14 TA Enclosed- White\n-60 Extended Triple Tongue\n-(4) D Rings\n-6'6 Height\n-Side Bar lock","","","","","","","","","","","","","","","","","","","","","","","","","","Yes","","","","","","","5246.13","","","No","No","2023-05-16T13:21:32-05:00","0","0",""
"3663","Yes","trailer.cargo_enclosed","Available","2023","Angel Trailers","7X16 TA ENCLOSED- MEDIUM CHARCOAL","","2023 Angel Trailers 7X16 TA ENCLOSED- MEDIUM CHARCOAL Cargo / Enclosed Trailer","$7099.99","$0.00","$0.00","$0.00","$0.00","7FYBE1625PD028795","New","US","GA","Macon","31210","4784770972","7X16 TA ENCLOSED- Medium Charcoal \n-4 D- Rings in floor \n-6 added height (6'6) \n-60 extended triple tongue\n-Rear ramp flap \n-Bar Lock Side Door","","","","","","","","","","","","","","","","","","","","","","","","","","Yes","","","","","","","5631.27","","","No","No","2023-05-16T13:21:32-05:00","0","0",""
"3664","Yes","trailer.cargo_enclosed","Available","2023","Angel Trailers","7X12 SA ENCLOSED- BLACK","","2023 Angel Trailers 7X12 SA ENCLOSED- BLACK Cargo / Enclosed Trailer","$5499.99","$0.00","$0.00","$0.00","$0.00","7FYBE1215PD028793","New","US","GA","Macon","31210","4784770972","7X12 SA Enclosed- Black \n-4 D- Rings in floor \n-6 added height (6'6) \n-60 extended triple tongue\n-Rear ramp flap \n-Bar Lock Side Door","","","","","","","","","","","","","","","","","","","","","","","","","","Yes","","","","","","","4392.60","","","No","No","2023-05-16T13:21:33-05:00","0","0",""
"3676","Yes","trailer.utility","Available","2023","GPS Trailers","GT612 76X12' SA MESH UTILITY TRAILER","","2023 GPS Trailers GT612 76X12' SA MESH UTILITY TRAILER Utility Trailer","$2999.99","$0.00","$0.00","$0.00","$0.00","7PZBU1213PT007562","New","US","GA","Macon","31210","4784770972","GT612 76X12' SA MESH UTILITY TRAILER","","","","","","","","","","","","","","","","","","","","","","","","","","Yes","","","","","","","2209.50","","","No","No","2023-05-16T13:21:33-05:00","0","0",""
"3677","Yes","trailer.utility","Available","2023","GPS Trailers","GT612 76X12' SA MESH UTILITY TRAILER","","2023 GPS Trailers GT612 76X12' SA MESH UTILITY TRAILER Utility Trailer","$2999.99","$0.00","$0.00","$0.00","$0.00","7PZBU1215PT007563","New","US","GA","Macon","31210","4784770972","GT612 76X12' SA MESH UTILITY TRAILER","","","","","","","","","","","","","","","","","","","","","","","","","","Yes","","","","","","","2209.49","","","No","No","2023-05-16T13:21:33-05:00","0","0",""
"3678","Yes","trailer.utility","Available","2023","GPS Trailers","GT614DT","","2023 GPS Trailers GT614DT Utility Trailer","$2599.99","$0.00","$0.00","$0.00","$0.00","7PZBU1418PT007473","New","US","GA","Macon","31210","4784770972","GT614DT 76x14' SA Pipe Top Utility Trailer w/ Dovetail","","","","","","","","","","","","","","","","","","","","","","","","","","Yes","","","","","","","1944.54","","","No","No","2023-05-16T13:21:33-05:00","0","0",""
"3679","Yes","trailer.utility","Available","2023","GPS Trailers","GT614DT","","2023 GPS Trailers GT614DT Utility Trailer","$2599.99","$0.00","$0.00","$0.00","$0.00","7PZBU1412PT007565","New","US","GA","Macon","31210","4784770972","GT614DT 76x14' SA Pipe Top Utility Trailer w/ Dovetail","","","","","","","","","","","","","","","","","","","","","","","","","","Yes","","","","","","","1944.54","","","No","No","2023-05-16T13:21:33-05:00","0","0",""
"3680","Yes","trailer.equipment","Available","2023","GPS Trailers","EH2014K","","2023 GPS Trailers EH2014K Equipment Trailer","$6299.99","$0.00","$0.00","$0.00","$0.00","7PZBU2027PT007470","New","US","GA","Macon","31210","4784770972","EH2014K 14K 7X20 EQUIPMENT TRAILER W/ DOVETAIL","","","","","","","","","","","","","","","","","","","","","","","","","","Yes","","","","","","","4932.82","","","No","No","2023-05-16T13:21:33-05:00","0","0",""
"3681","Yes","trailer.utility","Available","2023","GPS Trailers","GTT6147K 76X14' MESH","","2023 GPS Trailers GTT6147K 76X14' MESH Utility Trailer","$4399.99","$0.00","$0.00","$0.00","$0.00","7PZBU1425PT007567","New","US","GA","Macon","31210","4784770972","GTT6147K 76X14' TANDEM UTILITY MESH","","","","","","","","","","","","","","","","","","","","","","","","","","Yes","","","","","","","3334.96","","","No","No","2023-05-16T13:21:34-05:00","0","0",""
"3882","Yes","trailer.dump","Available","2023","TUFFDUMP","TD16HS GRAY","","2023 TUFFDUMP TD16HS GRAY Dump Trailer","$12499.99","$0.00","$0.00","$0.00","$0.00","7NDTBDS21PM000320","New","US","GA","Macon","31210","4784770972","TD16HS Gray 7X16 14K DUMP TRAILER- 4FT SIDE W TARP\n-Tarp kit","","","","","","","","","","","","","","","","","","","","","","","","","","Yes","","","","","","","9849.00","","","No","No","2023-05-16T13:21:34-05:00","0","0",""
"3897","Yes","trailer.dump","Available","2023","TUFFDUMP","TD16HS GRAY","","2023 TUFFDUMP TD16HS GRAY Dump Trailer","$12499.99","$0.00","$0.00","$0.00","$0.00","7NDTBDS2XPM000333","New","US","GA","Macon","31210","4784770972","TD16HS Gray 7X16 14K DUMP TRAILER- 4FT SIDE W TARP\n-Tarp kit","","","","","","","","","","","","","","","","","","","","","","","","","","Yes","","","","","","","9849.00","","","No","No","2023-05-16T13:21:34-05:00","0","0",""
