STOCK,TYPE,CATEGORY,YEAR,MANUFACTURER,MODEL,TITLE,CONDITION,PRICE,LOCATION,msrp,Dealer to Dealer,VIN,Description,Length,Width,Height,Weight,GVWR,Axle Capacity,axles,pull type,construction ,ramps,lq,shortwall length,roof type,nose type,color,is rental,STALLS,MANGER,MIDTACK,sleeps,slideouts,air conditioning,MILEAGE,FUEL TYPE,status,website visible,unit cost,shipping cost,prep cost,total cost,min sell price,notes,IS FEATURED,ON SPECIAL,Image
777532,Trailer ,Utility Trailer ,2022,Currahee Trailers,L510,L510 Single Axle Landscape 5x10,N,1699.99,,1699.99,1699.99,REQUIRED,L510 Single Axle Landscape 5x10,,,,,,,,,,,,,,,,True,,,,,,,,,Avail,False,1421.46,0.00,0.00,1421.46,,,,,
753268,Trailer ,Utility Trailer ,2022,Currahee Trailers,L510,L510 Single Axle Landscape 5x10,N,1699.99,,1699.99,1699.99,REQUIRED,L510 Single Axle Landscape 5x10,,,,,,,,,,,,,,,,True,,,,,,,,,Avail,False,1421.46,0.00,0.00,1421.46,,,,,
987326,Trailer ,Utility Trailer ,2022,Currahee Trailers,L510,L510 Single Axle Landscape 5x10,N,1699.99,,1699.99,1699.99,REQUIRED,L510 Single Axle Landscape 5x10,,,,,,,,,,,,,,,,True,,,,,,,,,Avail,False,1421.46,0.00,0.00,1421.46,,,,,
6434228,Trailer ,Utility Trailer ,2022,Currahee Trailers,L508.13 ,L508.13 Light Duty Landscape 5x8,N,1449.99,,1449.99,1449.99,REQUIRED,,,,,,,,,,,,,,,,,True,,,,,,,,,Avail,False,1190.76,0.00,0.00,1190.76,,,,,
764377,Trailer ,Utility Trailer ,2022,Currahee Trailers,L612,Single Axle Landscape 6x12,N,1999.99,,1999.99,1999.99,REQUIRED,Single Axle Landscape 6x12,,,,,,,,,,,,,,,,True,,,,,,,,,Avail,False,1629.17,0.00,0.00,1629.17,,,,,
4784422,Trailer ,Utility Trailer ,2022,Currahee Trailers,L612,Single Axle Landscape 6x12,N,1999.99,,1999.99,1999.99,REQUIRED,Single Axle Landscape 6x12,,,,,,,,,,,,,,,,True,,,,,,,,,Avail,False,1629.17,0.00,0.00,1629.17,,,,,
886537,Trailer ,Utility Trailer ,2022,Currahee Trailers,L612,Single Axle Landscape 6x12,N,1999.99,,1999.99,1999.99,REQUIRED,Single Axle Landscape 6x12,,,,,,,,,,,,,,,,True,,,,,,,,,Avail,False,1629.17,0.00,0.00,1629.17,,,,,
876424,Trailer ,Utility Trailer ,2022,Currahee Trailers,L612,Single Axle Landscape 6x12,N,1999.99,,1999.99,1999.99,REQUIRED,Single Axle Landscape 6x12,,,,,,,,,,,,,,,,True,,,,,,,,,Avail,False,1629.17,0.00,0.00,1629.17,,,,,
76532789,Trailer ,Utility Trailer ,2022,Currahee Trailers,L612,Single Axle Landscape 6x12,N,1999.99,,1999.99,1999.99,REQUIRED,Single Axle Landscape 6x12,,,,,,,,,,,,,,,,True,,,,,,,,,Avail,False,1629.17,0.00,0.00,1629.17,,,,,
8543278,Trailer ,Utility Trailer ,2022,Currahee Trailers,L612,Single Axle Landscape 6x12,N,1999.99,,1999.99,1999.99,REQUIRED,Single Axle Landscape 6x12,,,,,,,,,,,,,,,,True,,,,,,,,,Avail,False,1629.17,0.00,0.00,1629.17,,,,,
876432,Trailer ,Utility Trailer ,2022,Currahee Trailers,L612,Single Axle Landscape 6x12,N,1999.99,,1999.99,1999.99,REQUIRED,Single Axle Landscape 6x12,,,,,,,,,,,,,,,,True,,,,,,,,,Avail,False,1629.17,0.00,0.00,1629.17,,,,,
568432,Trailer ,Utility Trailer ,2022,Currahee Trailers,L612,Single Axle Landscape 6x12,N,1999.99,,1999.99,1999.99,REQUIRED,Single Axle Landscape 6x12,,,,,,,,,,,,,,,,True,,,,,,,,,Avail,False,1629.17,0.00,0.00,1629.17,,,,,
4552441,Trailer ,Utility Trailer ,2022,"Big Tex Trailer Manufacturing, Inc.",35SA-12BK4RG,35SA 77X12 SA UTILITY TRAILER W/RG & SPMT,N,2799.99,,2799.99,2799.99,REQUIRED,35SA 77X12 SA UTILITY TRAILER W/RG & SPMT,,,,,,,,,,,,,,,,True,,,,,,,,,Avail,False,2039.51,0.00,0.00,2039.51,,,,,
4722147,Trailer ,Utility Trailer ,2022,"Big Tex Trailer Manufacturing, Inc.",35SA-12BK4RG,35SA 77X12 SA UTILITY TRAILER W/RG & SPMT,N,2799.99,,2799.99,2799.99,REQUIRED,35SA 77X12 SA UTILITY TRAILER W/RG & SPMT,,,,,,,,,,,,,,,,True,,,,,,,,,Avail,False,2039.51,0.00,0.00,2039.51,,,,,
4577251,Trailer ,Utility Trailer ,2022,"Big Tex Trailer Manufacturing, Inc.",35SA-12BK4RG,35SA 77X12 SA UTILITY TRAILER W/RG & SPMT,N,2799.99,,2799.99,2799.99,REQUIRED,35SA 77X12 SA UTILITY TRAILER W/RG & SPMT,,,,,,,,,,,,,,,,True,,,,,,,,,Avail,False,2039.51,0.00,0.00,2039.51,,,,,
782144,Trailer ,Utility Trailer ,2022,"Big Tex Trailer Manufacturing, Inc.",35SA-12BK4RG,35SA 77X12 SA UTILITY TRAILER W/RG & SPMT,N,2799.99,,2799.99,2799.99,REQUIRED,35SA 77X12 SA UTILITY TRAILER W/RG & SPMT,,,,,,,,,,,,,,,,True,,,,,,,,,Avail,False,2039.51,0.00,0.00,2039.51,,,,,
457721,Trailer ,Utility Trailer ,2022,"Big Tex Trailer Manufacturing, Inc.",35SA-12BK4RG,35SA 77X12 SA UTILITY TRAILER W/RG & SPMT,N,2799.99,,2799.99,2799.99,REQUIRED,35SA 77X12 SA UTILITY TRAILER W/RG & SPMT,,,,,,,,,,,,,,,,True,,,,,,,,,Avail,False,2039.51,0.00,0.00,2039.51,,,,,
713884,Trailer ,Utility Trailer ,2022,"Big Tex Trailer Manufacturing, Inc.",35SA-12BK4RG,35SA 77X12 SA UTILITY TRAILER W/RG & SPMT,N,2799.99,,2799.99,2799.99,REQUIRED,35SA 77X12 SA UTILITY TRAILER W/RG & SPMT,,,,,,,,,,,,,,,,True,,,,,,,,,Avail,False,2039.51,0.00,0.00,2039.51,,,,,
71188,Trailer ,Utility Trailer ,2022,"Big Tex Trailer Manufacturing, Inc.",35SA-12BK4RG,35SA 77X12 SA UTILITY TRAILER W/RG & SPMT,N,2799.99,,2799.99,2799.99,REQUIRED,35SA 77X12 SA UTILITY TRAILER W/RG & SPMT,,,,,,,,,,,,,,,,True,,,,,,,,,Avail,False,2039.51,0.00,0.00,2039.51,,,,,
887454,Trailer ,Utility Trailer ,2022,"Big Tex Trailer Manufacturing, Inc.",35SA-12BK4RG,35SA 77X12 SA UTILITY TRAILER W/RG & SPMT,N,2799.99,,2799.99,2799.99,REQUIRED,35SA 77X12 SA UTILITY TRAILER W/RG & SPMT,,,,,,,,,,,,,,,,True,,,,,,,,,Avail,False,2039.51,0.00,0.00,2039.51,,,,,
896534,Trailer ,Utility Trailer ,2022,"Big Tex Trailer Manufacturing, Inc.",35SA-12BK4RG,35SA 77X12 SA UTILITY TRAILER W/RG & SPMT,N,2799.99,,2799.99,2799.99,16V1U1514P2241112,35SA 77X12 SA UTILITY TRAILER W/RG & SPMT,,,,,,,,,,,,,,,,True,,,,,,,,,Avail,False,2039.51,0.00,0.00,2039.51,,,,,
9864312,Trailer ,Utility Trailer ,2022,"Big Tex Trailer Manufacturing, Inc.",30SA-10BK4RG,30SA 5X10 W/RG & SPMT,N,2299.99,,2299.99,2299.99,REQUIRED,30SA 5X10 W/RG & SPMT,,,,,,,,,,,,,,,,True,,,,,,,,,Avail,False,1776.50,0.00,0.00,1776.50,,,,,
632684,Trailer ,Utility Trailer ,2022,"Big Tex Trailer Manufacturing, Inc.",30SA-10BK4RG,30SA 5X10 W/RG & SPMT,N,2299.99,,2299.99,2299.99,REQUIRED,30SA 5X10 W/RG & SPMT,,,,,,,,,,,,,,,,True,,,,,,,,,Avail,False,1776.50,0.00,0.00,1776.50,,,,,
623268,Trailer ,Enclosed Trailer ,2022,"Arising Industries, Inc.",7X14 TA ENCLOSED WHITE,7X14 TA ENCLOSED WHITE,N,6799.99,,6799.99,6799.99,REQUIRED,"7X14 TA ENCLOSED WHITE
-4 D- Rings in floor 
-6"" added height (6'6"") 
-12"" extended tongue
-Rear ramp flap",,,,,,,,,,,,,,,,True,,,,,,,,,Avail,False,5967.50,0.00,0.00,5967.50,,,,,
977644,Trailer ,Enclosed Trailer ,2022,"Arising Industries, Inc.",7X14 TA ENCLOSED WHITE,7X14 TA ENCLOSED WHITE,N,6799.99,,6799.99,6799.99,REQUIRED,"7X14 TA ENCLOSED WHITE
-6"" added height (6'6"") 
-12"" extended tongue
",,,,,,,,,,,,,,,,True,,,,,,,,,Avail,False,5967.50,0.00,0.00,5967.50,,,,,
866644,Trailer ,Utility Trailer ,2022,Currahee Trailers,LD616,LD616 DOUBLE AXLE 6X16 UTILITY TRAILER ,N,3399.99,,3399.99,3399.99,REQUIRED,LD616 DOUBLE AXLE 6X16 UTILITY TRAILER,,,,,,,,,,,,,,,,True,,,,,,,,,Avail,False,2794.14,0.00,0.00,2794.14,,,,,
45326,Trailer ,Car Hauler ,2022,Currahee Trailers,C720,"C720 CAR HAULER 82""X20' WOOD FLOOR",N,4599.99,,4599.99,4599.99,REQUIRED,"C720 CAR HAULER 82""X20' WOOD FLOOR",,,,,,,,,,,,,,,,True,,,,,,,,,Avail,False,3372.18,0.00,0.00,3372.18,,,,,
751863,Trailer ,Utility Trailer ,2022,"Big Tex Trailer Manufacturing, Inc.",30SA-10BK4RG,30SA 5X10 W/RG & SPMT,N,2299.99,,2299.99,2299.99,16V1U1315P2253160,30SA 5X10 W/RG & SPMT,,,,,,,,,,,,,,,,True,,,,,,,,,Avail,False,1776.50,0.00,0.00,1776.50,,,,,
971337,Trailer ,Dump Trailer ,2022,"Big Tex Trailer Manufacturing, Inc.",14LD-14BK,"14LD 83X14 DUMP 2FT SIDE W/ TARP, NO RAMPS",N,10799.99,,10799.99,10799.99,REQUIRED,"14LD 83X14 DUMP 2FT SIDE W/ TARP, NO RAMPS
",,,,,,,,,,,,,,,,True,,,,,,,,,Avail,False,8708.64,0.00,0.00,8708.64,,,,,
98112,Trailer ,Equipment Trailer ,2022,"Big Tex Trailer Manufacturing, Inc.",10ET-20BK-MR,83x17+3 EQUIPMENT TRAILER W/MR,N,6799.99,,6799.99,6799.99,REQUIRED,"83x17+3 EQUIPMENT TRAILER W/MR
",,,,,,,,,,,,,,,,False,,,,,,,,,Avail,False,5719.74,0.00,0.00,5719.74,,,,,
1792,Trailer ,Utility Trailer ,2022,Currahee Trailers,L612,Single Axle Landscape 6x12,N,1999.99,,1999.99,1999.99,63338,Single Axle Landscape 6x12,,,,,,,,,,,,,,,,False,,,,,,,,,Avail,False,1651.00,0.00,0.00,1588.96,,,,,
1793,Trailer ,Utility Trailer ,2022,Currahee Trailers,L612,Single Axle Landscape 6x12,N,1999.99,,1999.99,1999.99,62743,Single Axle Landscape 6x12,,,,,,,,,,,,,,,,False,,,,,,,,,Avail,False,1651.00,0.00,0.00,1588.96,,,,,
1794,Trailer ,Utility Trailer ,2022,Currahee Trailers,L612,Single Axle Landscape 6x12,N,1999.99,,1999.99,1999.99,63339,Single Axle Landscape 6x12,,,,,,,,,,,,,,,,False,,,,,,,,,Avail,False,1651.00,0.00,0.00,1588.96,,,,,
1795,Trailer ,Utility Trailer ,2022,Currahee Trailers,L510,L510 Single Axle Landscape 5x10,N,1699.99,,1699.99,1699.99,63064,L510 Single Axle Landscape 5x10,,,,,,,,,,,,,,,,False,,,,,,,,,Avail,False,1426.00,0.00,0.00,1372.42,,,,,
1800,Trailer ,Utility Trailer ,2022,Currahee Trailers,LD616,LD616 DOUBLE AXLE 6X16 UTILITY TRAILER ,N,3399.99,,3399.99,3399.99,63444,LD616 DOUBLE AXLE 6X16 UTILITY TRAILER,,,,,,,,,,,,,,,,False,,,,,,,,,Avail,False,2738.00,0.00,0.00,2635.13,,,,,
1806,Trailer ,Enclosed Trailer ,2022,"Arising Industries, Inc.",7X14 TA ENCLOSED- BLACK,7X14 TA ENCLOSED- BLACK,N,7199.99,,7199.99,7199.99,5YCBE1420PH000759,"7X14 TA ENCLOSED- BLACK
-4 D- Rings in floor 
-6"" added height (6'6"") 
-12"" extended tongue",,,,,,,,,,,,,,,Black,False,,,,,,,,,Avail,False,5727.50,0.00,0.00,5727.50,,,,,
1811,Trailer ,Enclosed Trailer ,2022,"Arising Industries, Inc.",7X16 TA ENCLOSED WHITE,7X16 TA ENCLOSED WHITE,N,7399.99,,7399.99,7399.99,5YCBE1626PH000729,"7X16 TA ENCLOSED WHITE
-4 D- Rings in floor 
-6"" added height (6'6"") 
-12"" extended tongue
-Rear ramp flap 
-Bar lock side door",,,,,,,,,,,,,,,White ,False,,,,,,,,,Avail,False,5890.00,0.00,0.00,5890.00,,,,,
1817,Trailer ,Dump Trailer ,2022,"Big Tex Trailer Manufacturing, Inc.",14LP-12BK6SIR,14LP 83X12 DUMP 2FT SIDES W/TARP ,N,12099.99,,12099.99,12099.99,16V1D172XP5268819,14LP 83X12 DUMP 2FT SIDES W/TARP,,,,,,,,,,,,,,,,False,,,,,,,,,Avail,False,9609.25,0.00,0.00,9767.37,,,,,
1818,Trailer ,Dump Trailer ,2022,"Big Tex Trailer Manufacturing, Inc.",20GX-16BK6-P4,20GX 82.5X16 4FT SIDES G/N DUMP W TARP,N,20999.99,,20999.99,20999.99,16V3D2426P5269016,20GX 82.5X16 4FT SIDES G/N DUMP W TARP,,,,,,,,,,,,,,,,False,,,,,,,,,Avail,False,16686.75,0.00,0.00,16961.33,,,,,
1983,Trailer ,Utility Trailer ,2022,Currahee Trailers,L610,L610 6x10 Single Axle Landscape ,N,1899.99,,1899.99,1899.99,63646,L610 6x10 Single Axle Landscape,,,,,,,,,,,,,,,,False,,,,,,,,,Avail,False,1578.00,0.00,0.00,1518.71,,,,,
2411,Trailer ,Flatbed Trailer ,2022,"Big Tex Trailer Manufacturing, Inc.",14GN-20BK+5MR,14GN 102X20+5 G/N TRAILER 7K AXLES,N,13299.99,,13299.99,13299.99,16V3F3327P6277878,14GN 102X20+5 G/N TRAILER 7K AXLES,,,,,,,,,,,,,,,,False,,,,,,,,,Avail,False,10100.00,0.00,0.00,10325.91,,,,,
2414,Trailer ,Flatbed Trailer ,2022,"Big Tex Trailer Manufacturing, Inc.",22GN-40D5A-MRBK (35+5),22GN 102X35+5 GN TRAILER 10K AXLES,N,19999.99,,19999.99,19999.99,16V3F4822P6277947,22GN 102X35+5 GN TRAILER 10K AXLES,,,,,,,,,,,,,,,,False,,,,,,,,,Avail,False,16900.00,0.00,0.00,17278.01,,,,,
2424,Trailer ,Enclosed Trailer ,2022,"Arising Industries, Inc.",7X14 TA ENCLOSED- BLACK,7X14 TA ENCLOSED- BLACK,N,6999.99,,6999.99,6999.99,5YCBE1423PH001128,"7X14 TA ENCLOSED- BLACK
-4 D- Rings in floor 
-6"" added height (6'6"") 
-12"" extended tongue
-Rear ramp flap",,,,,,,,,,,,,,,Black ,False,,,,,,,,,Avail,False,5407.50,0.00,0.00,5597.26,,,,,
2425,Trailer ,Enclosed Trailer ,2022,"Arising Industries, Inc.",7X16 TA ENCLOSED BLACK W/ *BLACK OUT PACKAGE*,7X16 TA ENCLOSED BLACK W/ *BLACK OUT PACKAGE*,N,7799.99,,7799.99,7799.99,5YCBE1623PH001126,"7X16 TA ENCLOSED BLACK W/ *BLACK OUT PACKAGE*
-Blackout package 
-4 D- Rings in floor 
-6"" added height (6'6"") 
-12"" extended tongue
-Rear ramp flap",,,,,,,,,,,,,,,Black ,False,,,,,,,,,Avail,False,5985.00,0.00,0.00,6195.03,,,,,
2426,Trailer ,Enclosed Trailer ,2022,"Arising Industries, Inc.",6X12 SA ENCLOSED TRAILER- BLACK ,6X12 SA ENCLOSED TRAILER- BLACK ,N,4899.99,,4899.99,4899.99,5YCBE1212PH001129,"6X12 SA ENCLOSED TRAILER- BLACK 
- 4 D- Rings in floor 
- 6"" added height (6'6"")
- 12"" extended tongue",,,,,,,,,,,,,,,,False,,,,,,,,,Avail,False,3670.00,0.00,0.00,3820.00,,,,,
2427,Trailer ,Enclosed Trailer ,2022,"Arising Industries, Inc.",6X12 SA ENCLOSED TRAILER- BLACK ,6X12 SA ENCLOSED TRAILER- BLACK ,N,4899.99,,4899.99,4899.99,5YCBE1219PH001130,"6X12 SA ENCLOSED TRAILER- BLACK 
- 4 D- Rings in floor 
- 6"" added height (6'6"")
- 12"" extended tongue",,,,,,,,,,,,,,,,False,,,,,,,,,Avail,False,3670.00,0.00,0.00,3820.00,,,,,
2429,Trailer ,Enclosed Trailer ,2022,"Arising Industries, Inc.",6X12 SA ENCLOSED TRAILER- WHITE,6X12 SA ENCLOSED TRAILER- White,N,4899.99,,4899.99,4899.99,5YCBE1210PH001131,"6X12 SA ENCLOSED TRAILER- White
-4 D- Rings in floor 
-6"" added height (6'6"") 
-12"" extended tongue",,,,,,,,,,,,,,,,False,,,,,,,,,Avail,False,3670.00,0.00,0.00,3820.00,,,,,
2461,Trailer ,Utility Trailer ,2022,Currahee Trailers,LD616,LD616 DOUBLE AXLE 6X16 UTILITY TRAILER ,N,3399.99,,3399.99,3399.99,64269,LD616 DOUBLE AXLE 6X16 UTILITY TRAILER,,,,,,,,,,,,,,,,False,,,,,,,,,Avail,False,2601.00,0.00,0.00,2674.47,,,,,
2462,Trailer ,Utility Trailer ,2022,Currahee Trailers,LD616,LD616 DOUBLE AXLE 6X16 UTILITY TRAILER ,N,3399.99,,3399.99,3399.99,64264,LD616 DOUBLE AXLE 6X16 UTILITY TRAILER,,,,,,,,,,,,,,,,False,,,,,,,,,Avail,False,2601.00,0.00,0.00,2674.47,,,,,
2463,Trailer ,Utility Trailer ,2022,Currahee Trailers,LD614HS,LD614HS 6X14 TA HIGH MESH SIDE UTILITY TRAILE,N,3899.99,,3899.99,3899.99,64330,LD614HS 6X14 TA HIGH MESH SIDE UTILITY TRAILE,,,,,,,,,,,,,,,,False,,,,,,,,,Avail,False,2982.00,0.00,0.00,3066.24,,,,,
2488,Trailer ,Utility Trailer ,2022,"Big Tex Trailer Manufacturing, Inc.",70PI-20XBK4RG-GA,70PI 83X20 T/A UTILITY 2 BRAKE,N,4999.99,,4999.99,4999.99,16V1U2420P3275042,70PI 83X20 T/A UTILITY 2 BRAKE,,,,,,,,,,,,,,,,False,,,,,,,,,Avail,False,3908.00,0.00,0.00,4019.90,,,,,
2489,Trailer ,Utility Trailer ,2022,"Big Tex Trailer Manufacturing, Inc.",70PI-18XBK4RG-GA,70PI 83X18 T/A UTILITY 2 BRAKE,N,4899.99,,4899.99,4899.99,16V1U2221P3276655,70PI 83X18 T/A UTILITY 2 BRAKE,,,,,,,,,,,,,,,,False,,,,,,,,,Avail,False,3808.00,0.00,0.00,3917.03,,,,,
2490,Trailer ,Utility Trailer ,2022,"Big Tex Trailer Manufacturing, Inc.",70PI-18XBK4RG-GA,70PI 83X18 T/A UTILITY 2 BRAKE,N,4899.99,,4899.99,4899.99,16V1U2225P3256974,70PI 83X18 T/A UTILITY 2 BRAKE,,,,,,,,,,,,,,,,False,,,,,,,,,Avail,False,3617.60,0.00,0.00,3721.18,,,,,
2493,Trailer ,Utility Trailer ,2022,"Big Tex Trailer Manufacturing, Inc.",35SA-14BK4RG,35SA 77X14 SA UTILITY W/RG ,N,2899.99,,2899.99,2899.99,16V1U1711P3275628,35SA 77X14 SA UTILITY W/RG,,,,,,,,,,,,,,,,False,,,,,,,,,Avail,False,2218.00,0.00,0.00,2281.51,,,,,
2497,Trailer ,Utility Trailer ,2022,"Big Tex Trailer Manufacturing, Inc.",35SA-10BK4RG,35SA 77X10 SA UTILITY W/RG & SPMT,N,2699.99,,2699.99,2699.99,16V1U1316P3246289,35SA 77X10 SA UTILITY W/RG & SPMT,,,,,,,,,,,,,,,,False,,,,,,,,,Avail,False,2018.00,0.00,0.00,2075.78,,,,,
2498,Trailer ,Utility Trailer ,2022,"Big Tex Trailer Manufacturing, Inc.",30SV-10BK,30SV-10BK 60X10' SA VANGUARD TRAILER,N,3099.99,,3099.99,3099.99,16V1W1314P3229226,30SV-10BK 60X10' SA VANGUARD TRAILER,,,,,,,,,,,,,,,,False,,,,,,,,,Avail,False,2185.00,0.00,0.00,2247.56,,,,,
2530,Trailer ,Dump Trailer ,2022,"Big Tex Trailer Manufacturing, Inc.",10LX-12BK6SIR,10LX 83X12 DUMP 2FT W/ RAMPS,N,11999.99,,11999.99,11999.99,16V1D162XP5278459,"10LX 83X12 DUMP 2FT W/ ramps
-Ramps",,,,,,,,,,,,,,,,False,,,,,,,,,Avail,False,9390.00,0.00,0.00,9581.93,,,,,
2619,Trailer ,Flatbed Trailer ,2022,"Big Tex Trailer Manufacturing, Inc.",22GN-25BK+5MR,22GN 102X25+5 GN TRAILER 10K AXLES,N,18799.99,,18799.99,18799.99,16V3F3820P6283398,22GN 102X25+5 GN TRAILER 10K AXLES,,,,,,,,,,,,,,,,False,,,,,,,,,Avail,False,14670.00,0.00,0.00,14973.10,,,,,
2620,Trailer ,Flatbed Trailer ,2022,"Big Tex Trailer Manufacturing, Inc.",16GN-25BK+5MR,16GN 102X25+5 G/N TRAILER MEGA RAMPS,N,18299.99,,18299.99,18299.99,16V3F3822P6283399,16GN 102X25+5 G/N TRAILER MEGA RAMPS,,,,,,,,,,,,,,,,False,,,,,,,,,Avail,False,14350.00,0.00,0.00,14646.49,,,,,
2623,Trailer ,Dump Trailer ,2022,"Big Tex Trailer Manufacturing, Inc.",14LP-16BK6-P4,14LP 83X16 DUMP 4FT SIDE W/TARP/RAMP/SPARE,N,13999.99,,13999.99,13999.99,16V1D212XP5281195,14LP 83X16 DUMP 4FT SIDE W/TARP/RAMP/SPARE,,,,,,,,,,,,,,,,False,,,,,,,,,Avail,False,10880.00,0.00,0.00,11141.70,,,,,
2624,Trailer ,Dump Trailer ,2022,"Big Tex Trailer Manufacturing, Inc.",14LP-16BK6-P4,14LP 83X16 DUMP 4FT SIDE W/TARP/RAMP/SPARE,N,13999.99,,13999.99,13999.99,16V1D2122P5281191,14LP 83X16 DUMP 4FT SIDE W/TARP/RAMP/SPARE,,,,,,,,,,,,,,,,False,,,,,,,,,Avail,False,10880.00,0.00,0.00,11141.69,,,,,
2625,Trailer ,Dump Trailer ,2022,"Big Tex Trailer Manufacturing, Inc.",14LD-14BK,14LD 83X14 DUMP 2FT SIDE NO RAMP/TARP W/SPARE,N,10799.99,,10799.99,10799.99,16V1D1926P5250055,14LD 83X14 DUMP 2FT SIDE NO RAMP/TARP W/SPARE,,,,,,,,,,,,,,,,False,,,,,,,,,Avail,False,8430.00,0.00,0.00,8632.77,,,,,
2626,Trailer ,Dump Trailer ,2022,"Big Tex Trailer Manufacturing, Inc.",14LP-14BK6SIRPD,14LP 83X14 DUMP 2FT SIDES W/RAMPS & SPARE,N,12099.99,,12099.99,12099.99,16V1D1926P5281192,14LP 83X14 DUMP 2FT SIDES W/RAMPS & SPARE,,,,,,,,,,,,,,,,False,,,,,,,,,Avail,False,9400.00,0.00,0.00,9626.10,,,,,
2627,Trailer ,Dump Trailer ,2022,"Big Tex Trailer Manufacturing, Inc.",14LP-14BK6-P4,14LP 83X14 DUMP 4FT SIDE W/TARP/RAMPS/SPARE,N,13199.99,,13199.99,13199.99,16V1D1928P5281193,14LP 83X14 DUMP 4FT SIDE W/TARP/RAMPS/SPARE,,,,,,,,,,,,,,,,False,,,,,,,,,Avail,False,10300.00,0.00,0.00,10547.74,,,,,
2644,Trailer ,Enclosed Trailer ,2022,"Arising Industries, Inc.",7X14 TA ENCLOSED BLACK W/ *BLACK OUT PACKAGE*,7X14 TA ENCLOSED BLACK W/ *BLACK OUT PACKAGE*,N,7399.99,,7399.99,7399.99,5YCBE1421PH001323,"7X14 TA ENCLOSED BLACK W/ *BLACK OUT PACKAGE*
-Blackout package
-4 D- Rings in floor 
-6"" added height (6'6"") 
-12"" extended tongue
-Rear ramp flap",,,,,,,,,,,,,,,,False,,,,,,,,,Avail,False,5607.50,0.00,0.00,5803.14,,,,,
2645,Trailer ,Enclosed Trailer ,2022,"Arising Industries, Inc.",7X16 TA ENCLOSED- BLACK,7X16 TA ENCLOSED- BLACK,N,7399.99,,7399.99,7399.99,5YCBE1627PH001324,"7X16 TA ENCLOSED- BLACK
-4 D- Rings in floor 
-6"" added height (6'6"") 
-12"" extended tongue
-Rear ramp flap",,,,,,,,,,,,,,,,False,,,,,,,,,Avail,False,5655.00,0.00,0.00,5852.30,,,,,
2646,Trailer ,Enclosed Trailer ,2022,"Arising Industries, Inc.",6X10 SA ENCLOSED- WHITE,6x10 SA Enclosed- White,N,4399.99,,4399.99,4399.99,5YCBE1013PH001319,6x10 SA Enclosed- White,,,,,,,,,,,,,,,,False,,,,,,,,,Avail,False,3322.50,0.00,0.00,3438.69,,,,,
2647,Trailer ,Enclosed Trailer ,2022,"Arising Industries, Inc.",8.5X20 TA ENCLOSED- BLACK W/ BLACKOUT PKG ,8.5X20 TA ENCLOSED- BLACK W/ BLACKOUT PKG ,N,9299.99,,9299.99,9299.99,5YCBE2023PH001321,"8.5X20 TA ENCLOSED- BLACK W/ BLACKOUT PKG 
-Blackout package
-12"" extended tongue
-Bar lock (side door)
-4 D- Rings in floor (standard)
-6'6"" height (standard)
-Rear ramp flap (standard",,,,,,,,,,,,,,,,False,,,,,,,,,Avail,False,7050.00,0.00,0.00,7287.27,,,,,
2650,Trailer ,Dump Trailer ,2022,"Big Tex Trailer Manufacturing, Inc.",14LP-16BK6SIRPD,14LP 83X16 DUMP 2FT SIDES W/RAMPS ,N,12999.99,,12999.99,12999.99,16V1D2126P5283204,"14LP 83X16 DUMP 2FT SIDES W/RAMPS
-Spare Tire",,,,,,,,,,,,,,,,False,,,,,,,,,Avail,False,10195.00,0.00,0.00,10398.69,,,,,
2652,Trailer ,Dump Trailer ,2022,"Big Tex Trailer Manufacturing, Inc.",14LP-12BK6SIR,14LP 83X12 DUMP 2FT SIDES W/TARP ,N,11599.99,,11599.99,11599.99,16D1D1726P5283205,14LP 83X12 DUMP 2FT SIDES W/TARP,,,,,,,,,,,,,,,,False,,,,,,,,,Avail,False,9035.00,0.00,0.00,9215.52,,,,,
2653,Trailer ,Dump Trailer ,2022,"Big Tex Trailer Manufacturing, Inc.",14LP-14BK6SIRPD,14LP 83X14 DUMP 2FT SIDES W/RAMPS ,N,12399.99,,12399.99,12399.99,16V1D1926P5283203,14LP 83X14 DUMP 2FT SIDES W/RAMPS,,,,,,,,,,,,,,,,False,,,,,,,,,Avail,False,9615.00,0.00,0.00,9807.11,,,,,
2670,Trailer ,Car Hauler ,2022,Currahee Trailers,C718DPF,"C718DPF 82""X18 METAL FLOOR CAR HAULER ",N,5399.99,,5399.99,5399.99,64546,"C718DPF 82""X18 METAL FLOOR CAR HAULER",,,,,,,,,,,,,,,,False,,,,,,,,,Avail,False,4200.00,0.00,0.00,4289.42,,,,,
2675,Trailer ,Utility Trailer ,2022,Currahee Trailers,L612HS,L612HS 6x12 SA HIGH MESH Sides,N,2599.99,,2599.99,2599.99,64485,L612HS 6x12 SA HIGH MESH Sides,,,,,,,,,,,,,,,,False,,,,,,,,,Avail,False,1795.00,0.00,0.00,1833.21,,,,,
2677,Trailer ,Utility Trailer ,2022,Currahee Trailers,LD614,LD614 DOUBLE AXLE 6X14,N,3299.99,,3299.99,3299.99,63616,LD614 DOUBLE AXLE 6X14,,,,,,,,,,,,,,,,False,,,,,,,,,Avail,False,2468.00,0.00,0.00,2520.54,,,,,
2679,Trailer ,Utility Trailer ,2022,Currahee Trailers,LD616HS,LD616HS 6X16 TA HIGH MESH SIDES,N,3999.99,,3999.99,3999.99,64134,LD616HS 6X16 TA HIGH MESH SIDES,,,,,,,,,,,,,,,,False,,,,,,,,,Avail,False,3149.00,0.00,0.00,3216.04,,,,,
2680,Trailer ,Utility Trailer ,2022,Currahee Trailers,LD616SG,"LD616SG 76""X16' TA UTILITY TRAILER W/ SIDE GATE",N,4299.99,,4299.99,4299.99,64547,"L616SG 76""X16' TA UTILITY TRAILER W/ SIDE GATE",,,,,,,,,,,,,,,,False,,,,,,,,,Avail,False,3217.00,0.00,0.00,3285.49,,,,,
2681,Trailer ,Utility Trailer ,2022,Currahee Trailers,L612,Single Axle Landscape 6x12,N,1999.99,,1999.99,1999.99,64473,Single Axle Landscape 6x12,,,,,,,,,,,,,,,,False,,,,,,,,,Avail,False,1525.00,0.00,0.00,1557.47,,,,,
2683,Trailer ,Utility Trailer ,2022,"Big Tex Trailer Manufacturing, Inc.",60PI-16BK4RG,60PI 77X16 T/A UTILITY W/RG & S,N,3999.99,,3999.99,3999.99,16V1U1926P3269118,"60PI 77X16 T/A UTILITY W/RG & S
",,,,,,,,,,,,,,,,False,,,,,,,,,Avail,False,3000.00,0.00,0.00,3105.11,,,,,
2684,Trailer ,Utility Trailer ,2022,"Big Tex Trailer Manufacturing, Inc.",60PI-16BK4RG,60PI 77X16 T/A UTILITY W/RG & S,N,3999.99,,3999.99,3999.99,16V1U1926P3270494,"60PI 77X16 T/A UTILITY W/RG & S
",,,,,,,,,,,,,,,,False,,,,,,,,,Avail,False,3000.00,0.00,0.00,3105.11,,,,,
2688,Trailer ,Utility Trailer ,2022,"Big Tex Trailer Manufacturing, Inc.",60PI-14BK4RG,60PI 77X14 T/A UTILITY W/RG & S,N,3899.99,,3899.99,3899.99,16V1U1720P3269117,"60PI 77X14 T/A UTILITY W/RG & S
",,,,,,,,,,,,,,,,False,,,,,,,,,Avail,False,2930.00,0.00,0.00,3032.66,,,,,
2689,Trailer ,Utility Trailer ,2022,"Big Tex Trailer Manufacturing, Inc.",60PI-14BK4RG,60PI 77X14 T/A UTILITY W/RG & S,N,3899.99,,3899.99,3899.99,16V1U1720P3270493,"60PI 77X14 T/A UTILITY W/RG & S
",,,,,,,,,,,,,,,,False,,,,,,,,,Avail,False,2930.00,0.00,0.00,3032.66,,,,,
2690,Trailer ,Utility Trailer ,2022,"Big Tex Trailer Manufacturing, Inc.",60PI-14BK4RG,60PI 77X14 T/A UTILITY W/RG & S,N,3899.99,,3899.99,3899.99,16V1U1722P3284492,"60PI 77X14 T/A UTILITY W/RG & S
",,,,,,,,,,,,,,,,False,,,,,,,,,Avail,False,2930.00,0.00,0.00,3032.66,,,,,
2691,Trailer ,Utility Trailer ,2022,"Big Tex Trailer Manufacturing, Inc.",60PI-14BK4RG,60PI 77X14 T/A UTILITY W/RG & S,N,3899.99,,3899.99,3899.99,16V1U1723P3269113,"60PI 77X14 T/A UTILITY W/RG & S
",,,,,,,,,,,,,,,,False,,,,,,,,,Avail,False,2930.00,0.00,0.00,3032.65,,,,,
2692,Trailer ,Utility Trailer ,2022,"Big Tex Trailer Manufacturing, Inc.",60PI-14BK4RG,60PI 77X14 T/A UTILITY W/RG & S,N,3899.99,,3899.99,3899.99,16V1U1725P3270490,"60PI 77X14 T/A UTILITY W/RG & S
",,,,,,,,,,,,,,,,False,,,,,,,,,Avail,False,2930.00,0.00,0.00,3032.65,,,,,
2694,Trailer ,Dump Trailer ,2022,Tuffdump,TD12S GRAY ,TD12S 7X12 10K DUMP TRAILER- 2FT SIDE W/TARP,N,10099.99,,10099.99,10099.99,7NDTBDU23PM000008,"TD12S 7X12 10K DUMP TRAILER- 2FT SIDE W/TARP
-Tarp kit
",,,,,,,,,,,,,,,,False,,,,,,,,,Avail,False,7949.00,0.00,0.00,8059.72,,,,,
2695,Trailer ,Dump Trailer ,2022,Tuffdump,TD14HS,TD14HS 7X14 14K DUMP TRAILER- 4FT SIDE ,N,11999.99,,11999.99,11999.99,7NDTBDT22PM000096,TD14HS 7X14 14K DUMP TRAILER- 4FT SIDE,,,,,,,,,,,,,,,,False,,,,,,,,,Avail,False,9449.00,0.00,0.00,9580.62,,,,,
2716,Trailer ,Enclosed Trailer ,2022,"Arising Industries, Inc.",7X12 SA ENCLOSED- WHITE,7x12 SA Enclosed- White,N,5499.99,,5499.99,5499.99,5YCBE121XPH001427,"7x12 SA Enclosed- White
- 4 D- Rings in floor 
- 6"" added height (6'6"")
- 12"" extended tongue",,,,,,,,,,,,,,,,False,,,,,,,,,Avail,False,4070.00,0.00,0.00,4248.64,,,,,
2734,Trailer ,Enclosed Trailer ,2022,"Arising Industries, Inc.",7X16 TA ENCLOSED WHITE,7X16 TA ENCLOSED WHITE,N,7499.99,,7499.99,7499.99,5YCBE162XPH001432,"7X16 TA ENCLOSED WHITE
-4 D- Rings in floor 
-6"" added height (6'6"") 
-12"" extended tongue
-Rear ramp flap 
-Bar lock side door",,,,,,,,,,,,,,,,False,,,,,,,,,Avail,False,5620.00,0.00,0.00,5820.57,,,,,
2735,Trailer ,Enclosed Trailer ,2022,"Arising Industries, Inc.",7X16 TA ENCLOSED- MEDIUM CHARCOAL,7X16 TA ENCLOSED- MEDIUM CHARCOAL,N,7499.99,,7499.99,7499.99,5YCBE1621PH001433,"7X16 TA ENCLOSED- Medium Charcoal
-4 D Rings
-Ramp Flap
-6"" added height
-12"" extended tongue 
-Bar lock side door",,,,,,,,,,,,,,,,False,,,,,,,,,Avail,False,5620.00,0.00,0.00,5820.56,,,,,
2751,Trailer ,Utility Trailer ,2022,Currahee Trailers,L510HS,L510HS 5X10 SA HIGH MESH SIDE UTILITY TRAILER ,N,2299.99,,2299.99,2299.99,64502,"L510HS 5X10 SA HIGH MESH SIDE UTILITY TRAILER 
",,,,,,,,,,,,,,,,False,,,,,,,,,Avail,False,1704.00,0.00,0.00,1741.98,,,,,
2752,Trailer ,Utility Trailer ,2022,Currahee Trailers,L510HS,L510HS 5X10 SA HIGH MESH SIDE UTILITY TRAILER ,N,2299.99,,2299.99,2299.99,64630,"L510HS 5X10 SA HIGH MESH SIDE UTILITY TRAILER 
",,,,,,,,,,,,,,,,False,,,,,,,,,Avail,False,1704.00,0.00,0.00,1741.98,,,,,
2753,Trailer ,Utility Trailer ,2022,Currahee Trailers,L510HS,L510HS 5X10 SA HIGH MESH SIDE UTILITY TRAILER ,N,2299.99,,2299.99,2299.99,64629,"L510HS 5X10 SA HIGH MESH SIDE UTILITY TRAILER 
",,,,,,,,,,,,,,,,False,,,,,,,,,Avail,False,1704.00,0.00,0.00,1741.98,,,,,
2755,Trailer ,Utility Trailer ,2022,Currahee Trailers,LD614,LD614 DOUBLE AXLE 6X14,N,3299.99,,3299.99,3299.99,64424,"LD614 DOUBLE AXLE 6X14
",,,,,,,,,,,,,,,,False,,,,,,,,,Avail,False,2468.00,0.00,0.00,2523.01,,,,,
2756,Trailer ,Car Hauler ,2022,Currahee Trailers,C718,C718 82X18 CAR HAULER 2 Brakes ,N,3899.99,,3899.99,3899.99,63500,C718 82X18 CAR HAULER 2 Brakes,,,,,,,,,,,,,,,,False,,,,,,,,,Avail,False,2890.00,0.00,0.00,2954.42,,,,,
2758,Trailer ,Car Hauler ,2022,Currahee Trailers,C720,"C720 CAR HAULER 82""X20' WOOD FLOOR",N,4599.99,,4599.99,4599.99,64625,"C720 CAR HAULER 82""X20' WOOD FLOOR
",,,,,,,,,,,,,,,,False,,,,,,,,,Avail,False,3425.00,0.00,0.00,3501.34,,,,,
2795,Trailer ,Dump Trailer ,2023,Tuffdump,TD14HS,TD14HS 7X14 14K DUMP TRAILER- 4FT SIDE ,N,11999.99,,11999.99,11999.99,7NDTBDT26PM000103,TD14HS 7X14 14K DUMP TRAILER- 4FT SIDE,,,,,,,,,,,,,,,,False,,,,,,,,,Avail,False,9299.00,0.00,0.00,9586.18,,,,,
2804,Trailer ,Enclosed Trailer ,2023,"Arising Industries, Inc.",7X16 TA ENCLOSED- BLACK,7X16 TA ENCLOSED- BLACK,N,7399.99,,7399.99,7399.99,5YCBE1623PH001563,"7X16 TA ENCLOSED- BLACK
-4 D- Rings in floor 
-6"" added height (6'6"") 
-12"" extended tongue
-Rear ramp flap 
- Side bar lock 
",,,,,,,,,,,,,,,,False,,,,,,,,,Avail,False,5620.00,0.00,0.00,5816.19,,,,,
2805,Trailer ,Enclosed Trailer ,2023,"Arising Industries, Inc.",7X16 TA ENCLOSED- BLACK,7X16 TA ENCLOSED- BLACK,N,7399.99,,7399.99,7399.99,5YCBE1625PH001564,"7X16 TA ENCLOSED- BLACK
-4 D- Rings in floor 
-6"" added height (6'6"") 
-12"" extended tongue
-Rear ramp flap 
- Side bar lock 
",,,,,,,,,,,,,,,,False,,,,,,,,,Avail,False,5620.00,0.00,0.00,5816.19,,,,,
2806,Trailer ,Enclosed Trailer ,2023,"Arising Industries, Inc.",7X18 TA ENCLOSED- BLACK,7X18 TA ENCLOSED- BLACK,N,7799.99,,7799.99,7799.99,5YCBE1820PH001565,"7X18 TA ENCLOSED- BLACK
-4 D- Rings in floor 
-6"" added height (6'6"") 
-12"" extended tongue
-Rear ramp flap 
-Bar lock on side door 
",,,,,,,,,,,,,,,,False,,,,,,,,,Avail,False,5947.50,0.00,0.00,6155.12,,,,,
2825,Trailer ,Enclosed Trailer ,2023,"Arising Industries, Inc.",6X10 SA ENCLOSED- BLACK ,6X10 SA ENCLOSED- BLACK,N,4599.99,,4599.99,4599.99,5YCBE1013PH001675,"6"" added height
12"" added tongue
4 D- Rings in Floor 
",,,,,,,,,,,,,,,,False,,,,,,,,,Avail,False,3527.50,0.00,0.00,3645.38,,,,,
2826,Trailer ,Enclosed Trailer ,2023,"Arising Industries, Inc.",6X10 SA ENCLOSED- WHITE,6x10 SA Enclosed- White,N,4599.99,,4599.99,4599.99,5YCBE1015PH001676,"6x10 SA Enclosed- White
",,,,,,,,,,,,,,,,False,,,,,,,,,Avail,False,3527.50,0.00,0.00,3645.38,,,,,
2827,Trailer ,Enclosed Trailer ,2023,"Arising Industries, Inc.",7X14 TA ENCLOSED- BLACK,7X14 TA ENCLOSED- BLACK,N,6999.99,,6999.99,6999.99,5YCBE1423PH001677,"7X14 TA ENCLOSED- BLACK
-4 D- Rings in floor 
-6"" added height (6'6"") 
-12"" extended tongue
-Rear ramp flap 
-Bar lock on side door 
",,,,,,,,,,,,,,,,False,,,,,,,,,Avail,False,5327.50,0.00,0.00,5505.53,,,,,
2828,Trailer ,Enclosed Trailer ,2023,"Arising Industries, Inc.",7X14 TA ENCLOSED BLACK W/ *BLACK OUT PACKAGE*,7X14 TA ENCLOSED BLACK W/ *BLACK OUT PACKAGE*,N,7399.99,,7399.99,7399.99,5YCBE1425PH001678,"7X14 TA ENCLOSED BLACK W/ *BLACK OUT PACKAGE*
-Blackout package
-4 D- Rings in floor 
-6"" added height (6'6"") 
-12"" extended tongue
-Rear ramp flap
-Bar lock on side door 
",,,,,,,,,,,,,,,,False,,,,,,,,,Avail,False,5572.50,0.00,0.00,5758.71,,,,,
2829,Trailer ,Enclosed Trailer ,2023,"Arising Industries, Inc.",7X12 TA ENCLOSED BLACK,7X12 TA ENCLOSED BLACK,N,6799.99,,6799.99,6799.99,5YCBE1220PH001672,"7X12 TA ENCLOSED BLACK
",,,,,,,,,,,,,,,,False,,,,,,,,,Avail,False,5150.00,0.00,0.00,5331.79,,,,,
2830,Trailer ,Enclosed Trailer ,2023,"Arising Industries, Inc.",7X16 TA ENCLOSED- WHITE W/ *BLACK OUT PACKAGE,7X16 TA ENCLOSED- WHITE W/ *BLACK OUT PACKAGE,N,7799.99,,7799.99,7799.99,5YCBE162XPH001673,"7X16 TA ENCLOSED- WHITE W/ *BLACK OUT PACKAGE
-Blackout package
-4 D- Rings in floor 
-6"" added height (6'6"") 
-12"" extended tongue
-Rear ramp flap 
-Bar lock on side door 
",,,,,,,,,,,,,,,,False,,,,,,,,,Avail,False,5900.00,0.00,0.00,6108.27,,,,,
2831,Trailer ,Enclosed Trailer ,2023,"Arising Industries, Inc.",7X18 TA ENCLOSED- WHITE,7x18 TA Enclosed- White,N,7799.99,,7799.99,7799.99,5YCBE1825PH001674,"7x18 TA Enclosed- White
-4 D- Rings in floor 
-6"" added height (6'6"") 
-12"" extended tongue
-Rear ramp flap 
-Bar lock on side door 
",,,,,,,,,,,,,,,,False,,,,,,,,,Avail,False,5947.50,0.00,0.00,6157.44,,,,,
2845,Trailer ,Flatbed Trailer ,2023,"Big Tex Trailer Manufacturing, Inc.",22GN-30BK+5MR,22GN 102X30+5 G/N TRAILER MEGA RAMPS,N,19499.99,,19499.99,19499.99,16V3F4327P6299613,"22GN 102X30+5 G/N TRAILER MEGA RAMPS
",,,,,,,,,,,,,,,,False,,,,,,,0.0,,Avail,False,15050.00,0.00,0.00,15425.47,,,,,
2847,Trailer ,Flatbed Trailer ,2023,"Big Tex Trailer Manufacturing, Inc.",14GN-25BK+5MR,14GN 102X25+5 G/N TRAILER 7K AXLES,N,13399.99,,13399.99,13399.99,16V3F3828R6289856,"14GN 102X25+5 G/N TRAILER 7K AXLES
",,,,,,,,,,,,,,,,False,,,,,,,,,Avail,False,10350.00,0.00,0.00,10608.21,,,,,
2848,Trailer ,Flatbed Trailer ,2023,"Big Tex Trailer Manufacturing, Inc.",14GN-20BK+5MR,14GN 102X20+5 G/N TRAILER 7K AXLES,N,12899.99,,12899.99,12899.99,16V3F3325R6289854,"14GN 102X20+5 G/N TRAILER 7K AXLES
",,,,,,,,,,,,,,,,False,,,,,,,,,Avail,False,9970.00,0.00,0.00,10218.73,,,,,
2906,Trailer ,Utility Trailer ,2023,Gps Trailers,GTT6127K,"GTT6127K 76""X12 TA PIPE TOP UTILITY TRAILER ",N,3699.99,,3699.99,3699.99,7PZBU122XPT006885,"GTT6127K 76""X12 TA Pipe Top Utility Trailer 
-Flip Up Jack 
",,,,,,,,,,,,,,,,False,,,,,,,,,Avail,False,2860.00,0.00,0.00,2912.79,,,,,
2907,Trailer ,Utility Trailer ,2023,Gps Trailers,GTT6147K,"GTT6147K 76""X14' TA PIPE TOP UTILITY TRAILER  ",N,3799.99,,3799.99,3799.99,7PZBU1425PT006886,"GTT6147K 76""X14' TA Pipe Top Utility Trailer  
-Flip Up Jack 
",,,,,,,,,,,,,,,,False,,,,,,,,,Avail,False,2885.00,0.00,0.00,2938.25,,,,,
2908,Trailer ,Utility Trailer ,2023,Gps Trailers,GTT6147K,"GTT6147K 76""X14' TA PIPE TOP UTILITY TRAILER  ",N,3799.99,,3799.99,3799.99,7PZBU1427PT006887,"GTT6147K 76""X14' TA Pipe Top Utility Trailer  
-Flip Up Jack 
",,,,,,,,,,,,,,,,False,,,,,,,,,Avail,False,2885.00,0.00,0.00,2958.11,,,,,
2909,Trailer ,Utility Trailer ,2023,Gps Trailers,GTT6147KDT,"GTT6147KDT 76""X14' TA PIPE TOP UTILITY TRAILER W/ DOVETAIL ",N,3899.99,,3899.99,3899.99,7PZBU1429PT006888,"GTT6147KDT 76""X14' TA Pipe Top Utility Trailer  
-Flip Up Jack 
",,,,,,,,,,,,,,,,False,,,,,,,,,Avail,False,2960.00,0.00,0.00,3014.63,,,,,
2910,Trailer ,Utility Trailer ,2023,Gps Trailers,GTT6167K ,"GTT6167K 76""X16' TA PIPE TOP UTILITY TRAILER  ",N,3899.99,,3899.99,3899.99,7PZBU1620PT006890,"GTT6167K 76""X16' TA Pipe Top Utility Trailer  
-Flip Up Jack 
",,,,,,,,,,,,,,,,False,,,,,,,,,Avail,False,2935.00,0.00,0.00,3009.38,,,,,
2911,Trailer ,Utility Trailer ,2023,Gps Trailers,GTT6167K ,"GTT6167K 76""X16' TA PIPE TOP UTILITY TRAILER  ",N,3899.99,,3899.99,3899.99,7PZBU1624PT006889,"GTT6167K 76""X16' TA Pipe Top Utility Trailer  
-Flip Up Jack 
",,,,,,,,,,,,,,,,False,,,,,,,,,Avail,False,2935.00,0.00,0.00,3009.38,,,,,
2913,Trailer ,Equipment Trailer ,2023,Gps Trailers,EH2010K,EH2010K 10K 7X20 EQUIPMENT TRAILER W/ DOVETAIL ,N,5599.99,,5599.99,5599.99,7PZBU2029PT006918,"EH2010K 10K 7x20 Equipment Trailer w/ Dovetail 
",,,,,,,,,,,,,,,,False,,,,,,,,,Avail,False,4300.00,0.00,0.00,4379.37,,,,,
2924,Trailer ,Equipment Trailer ,2023,Gps Trailers,EH2410K ,EH2410K 10K 7X24 EQUIPMENT TRAILER W/ DOVETAIL ,N,6299.99,,6299.99,6299.99,7PZBU2428PT006920,"EH2410K 10K 7X24 EQUIPMENT TRAILER W/ DOVETAIL 
",,,,,,,,,,,,,,,,False,,,,,,,,,Avail,False,4850.00,0.00,0.00,4939.52,,,,,
2952,Trailer ,Dump Trailer ,2023,Tuffdump,TD14HS GRAY ,TD14HS Gray 7X14 14K DUMP TRAILER- 4FT SIDE W TARP,N,11999.99,,11999.99,11999.99,7NDTBDT20PM000176,"TD14HS Gray 7X14 14K DUMP TRAILER- 4FT SIDE W TARP
-Tarp kit
-Spare tire 
",,,,,,,,,,,,,,,,False,,,,,,,,,Avail,False,8999.00,0.00,0.00,9433.66,,,,,
3037,Trailer ,Equipment Trailer ,2023,Gps Trailers,EH1810K,EH1810K 10K 7X18 EQUIPMENT TRAILER W/ DOVETAIL ,N,5499.99,,5499.99,5499.99,7PZBU1829PT006917,"EH1810K 10K 7X18 EQUIPMENT TRAILER W/ DOVETAIL 
",,,,,,,,,,,,,,,,False,,,,,,,,,Avail,False,4250.00,0.00,0.00,4328.44,,,,,
3047,Trailer ,Dump Trailer ,2023,"Big Tex Trailer Manufacturing, Inc.",10SR-12XLBK6SIR,"10SR-12XLBK6SIR 10K 83""X12' SINGLE RAM DUMP W TARP",N,10999.99,,10999.99,10999.99,16V1D1624P5276061,"10SR-12XLBK6SIR 10K 83""x12' Single Ram Dump W TARP",,,,,,,,,,,,,,,,False,,,,,,,,,Avail,False,8640.00,0.00,0.00,8850.73,,,,,
3048,Trailer ,Dump Trailer ,2023,"Big Tex Trailer Manufacturing, Inc.",14LP-16BK6SIRPD,14LP 83X16 DUMP 2FT SIDES W/RAMPS ,N,12999.99,,12999.99,12999.99,16V1D2125P5275188,"14LP 83X16 DUMP 2FT SIDES W/RAMPS 
-Spare Tire",,,,,,,,,,,,,,,,False,,,,,,,,,Avail,False,9980.00,0.00,0.00,10223.41,,,,,
3049,Trailer ,Dump Trailer ,2023,"Big Tex Trailer Manufacturing, Inc.",14LP-14BK6SIRPD,14LP 83X14 DUMP 2FT SIDES W/RAMPS,N,12099.99,,12099.99,12099.99,16V1D1927P5276101,14LP 83X14 DUMP 2FT SIDES W/RAMPS,,,,,,,,,,,,,,,,False,,,,,,,,,Avail,False,9400.00,0.00,0.00,9629.27,,,,,
3066,Trailer ,Flatbed Trailer ,2023,"Big Tex Trailer Manufacturing, Inc.",16GN-30BK+5MR 102X30+5 G/N TRAILER MEGA RAMPS,16GN-30BK+5MR 102X30+5 G/N TRAILER MEGA RAMPS,N,16499.99,,16499.99,16499.99,16V3F432XR6296000,"16GN-30BK+5MR 102X30+5 G/N TRAILER MEGA RAMPS
",,,,,,,,,,,,,,,,False,,,,,,,,,Avail,False,12730.00,0.00,0.00,13047.59,,,,,
3069,Trailer ,Dump Trailer ,2023,"Big Tex Trailer Manufacturing, Inc.",90SR-12BK6SIR ,"90SR-12BK6SIR DUMP TRAILER, SIR ",N,10399.99,,10399.99,10399.99,16V1D162XP5273147,"90SR-12BK6SIR DUMP TRAILER, SIR",,,,,,,,,,,,,,,,False,,,,,,,,,Avail,False,8060.00,0.00,0.00,8224.74,,,,,
3157,Trailer ,Utility Trailer ,2023,Gps Trailers,GTT6147KDT,"GTT6147KDT 76""X14' TA PIPE TOP UTILITY TRAILER W/ DOVETAIL ",N,3899.99,,3899.99,3899.99,7PZBU1420PT007153,"GTT6147KDT 76""X14' TA Pipe Top Utility Trailer  
 
",,,,,,,,,,,,,,,,False,,,,,,,,,Avail,False,2925.00,0.00,0.00,2992.14,,,,,
3159,Trailer ,Utility Trailer ,2023,Gps Trailers,GTT6167KDT,"GTT6167KDT 76""X16' TA PIPE TOP UTILITY TRAILER W/ DOVETAIL   ",N,4099.99,,4099.99,4099.99,7PZBU1628PT007155,"GTT6167KDT 76""X16' TA Pipe Top Utility Trailer w/ Dovetail   
 
",,,,,,,,,,,,,,,,False,,,,,,,,,Avail,False,2975.00,0.00,0.00,3043.30,,,,,
3160,Trailer ,Utility Trailer ,2023,Gps Trailers,GTT6167KDT,"GTT6167KDT 76""X16' TA PIPE TOP UTILITY TRAILER W/ DOVETAIL   ",N,4099.99,,4099.99,4099.99,7PZBU162XPT007156,"GTT6167KDT 76""X16' TA Pipe Top Utility Trailer w/ Dovetail   
 
",,,,,,,,,,,,,,,,False,,,,,,,,,Avail,False,2975.00,0.00,0.00,3043.29,,,,,
3161,Trailer ,Utility Trailer ,2023,Gps Trailers,GTT7187KDT,"GTT7187KDT 82""X18' TA PIPE TOP UTILITY TRAILER W/ DOVETAIL",N,4399.99,,4399.99,4399.99,7PZBU1825PT007157,"GTT7187KDT 82""X18' TA PIPE TOP UTILITY TRAILER W/ DOVETAIL
",,,,,,,,,,,,,,,,False,,,,,,,,,Avail,False,3220.00,0.00,0.00,3293.92,,,,,
3162,Trailer ,Equipment Trailer ,2023,Gps Trailers,EH2414K,EH2414K 14K 7X24 EQUIPMENT TRAILER W/ DOVETAIL ,N,6999.99,,6999.99,6999.99,7PZBU2429PT007237,"EH2414K 14K 7X24 EQUIPMENT TRAILER W/ DOVETAIL 
",,,,,,,,,,,,,,,,False,,,,,,,,,Avail,False,5400.00,0.00,0.00,5523.97,,,,,
3212,Trailer ,Utility Trailer ,2023,"Big Tex Trailer Manufacturing, Inc.",70PI-18XBK4RG-GA,70PI 83X18 T/A UTILITY 2 BRAKE,N,4799.99,,4799.99,4799.99,16V1U2229P3282896,"70PI 83X18 T/A UTILITY 2 BRAKE
",,,,,,,,,,,,,,,,False,,,,,,,,,Avail,False,3560.00,0.00,0.00,3684.73,,,,,
3213,Trailer ,Utility Trailer ,2023,"Big Tex Trailer Manufacturing, Inc.",70PI-18XBK4RG-GA,70PI 83X18 T/A UTILITY 2 BRAKE,N,4799.99,,4799.99,4799.99,16V1U2224P3282904,"70PI 83X18 T/A UTILITY 2 BRAKE
",,,,,,,,,,,,,,,,False,,,,,,,,,Avail,False,3560.00,0.00,0.00,3684.73,,,,,
3239,Trailer ,Equipment Trailer ,2023,Gps Trailers,EH2010K,EH2010K 10K 7X20 EQUIPMENT TRAILER W/ DOVETAIL ,N,5599.99,,5599.99,5599.99,7PZBU2026PT007234,"EH2010K 10K 7x20 Equipment Trailer w/ Dovetail 
",,,,,,,,,,,,,,,,False,,,,,,,,,Avail,False,4300.00,0.00,0.00,4400.84,,,,,
3241,Trailer ,Equipment Trailer ,2023,Gps Trailers,EH2410K ,EH2410K 10K 7X24 EQUIPMENT TRAILER W/ DOVETAIL ,N,6299.99,,6299.99,6299.99,7PZBE2420PT007236,"EH2410K 10K 7X24 EQUIPMENT TRAILER W/ DOVETAIL 
",,,,,,,,,,,,,,,,False,,,,,,,,,Avail,False,4850.00,0.00,0.00,4940.26,,,,,
3242,Trailer ,Equipment Trailer ,2023,Gps Trailers,EH2414K,EH2414K 14K 7X24 EQUIPMENT TRAILER W/ DOVETAIL ,N,6999.99,,6999.99,6999.99,7PZBU2420PT007238,"EH2414K 14K 7X24 EQUIPMENT TRAILER W/ DOVETAIL 
",,,,,,,,,,,,,,,,False,,,,,,,0.0,,Avail,False,5400.00,0.00,0.00,5526.63,,,,,
3243,Trailer ,Equipment Trailer ,2023,Gps Trailers,EH2414K,EH2414K 14K 7X24 EQUIPMENT TRAILER W/ DOVETAIL ,N,6999.99,,6999.99,6999.99,7PZBU2422PT007158,"EH2414K 14K 7X24 EQUIPMENT TRAILER W/ DOVETAIL 
",,,,,,,,,,,,,,,,False,,,,,,,,,Avail,False,5400.00,0.00,0.00,5500.49,,,,,
3244,Trailer ,Utility Trailer ,2023,Gps Trailers,GTT6167KDT,"GTT6167KDT 76""X16' TA PIPE TOP UTILITY TRAILER W/ DOVETAIL   ",N,4099.99,,4099.99,4099.99,7PZBU1623PT007239,"GTT6167KDT 76""X16' TA Pipe Top Utility Trailer w/ Dovetail   
 
",,,,,,,,,,,,,,,,False,,,,,,,,,Avail,False,2975.00,0.00,0.00,3044.76,,,,,
3245,Trailer ,Utility Trailer ,2023,Gps Trailers,GTT6167KDT,"GTT6167KDT 76""X16' TA PIPE TOP UTILITY TRAILER W/ DOVETAIL   ",N,4099.99,,4099.99,4099.99,7PZBU162XPT007240,"GTT6167KDT 76""X16' TA Pipe Top Utility Trailer w/ Dovetail   
 
",,,,,,,,,,,,,,,,False,,,,,,,0.0,,Avail,False,2975.00,0.00,0.00,3044.76,,,,,
3246,Trailer ,Utility Trailer ,2023,Gps Trailers,GTT6147KDT,"GTT6147KDT 76""X14' TA PIPE TOP UTILITY TRAILER W/ DOVETAIL ",N,3899.99,,3899.99,3899.99,7PZBU1428PT007241,"GTT6147KDT 76""X14' TA Pipe Top Utility Trailer  
 
",,,,,,,,,,,,,,,,False,,,,,,,,,Avail,False,2925.00,0.00,0.00,2979.43,,,,,
3247,Trailer ,Utility Trailer ,2023,Gps Trailers,GTT6167K ,"GTT6167K 76""X16' TA PIPE TOP UTILITY TRAILER  ",N,3899.99,,3899.99,3899.99,7PZBU1623PT007242,"GTT6167K 76""X16' TA Pipe Top Utility Trailer  
 
",,,,,,,,,,,,,,,,False,,,,,,,,,Avail,False,2900.00,0.00,0.00,2968.01,,,,,
3290,Trailer ,Flatbed Trailer ,2023,"Big Tex Trailer Manufacturing, Inc.",14GN-25BK+5MR,14GN 102X25+5 G/N TRAILER 7K AXLES,N,13699.99,,13699.99,13699.99,16V3F3826P6296365,"14GN 102X25+5 G/N TRAILER 7K AXLES
",,,,,,,,,,,,,,,,False,,,,,,,,,Avail,False,10350.00,0.00,0.00,10592.34,,,,,
3291,Trailer ,Flatbed Trailer ,2023,"Big Tex Trailer Manufacturing, Inc.",22GN-40D5A-MRBK (35+5),22GN 102X35+5 GN TRAILER 10K AXLES,N,19999.99,,19999.99,19999.99,16V3F4820R6301813,"22GN 102X35+5 GN TRAILER 10K AXLES
",,,,,,,,,,,,,,,,False,,,,,,,0.0,,Avail,False,15420.00,0.00,0.00,15781.05,,,,,
3292,Trailer ,Flatbed Trailer ,2023,"Big Tex Trailer Manufacturing, Inc.",14GN-28BK+5MR,14GN 102X28+5 G/N TRAILER 7K AXLES,N,13999.99,,13999.99,13999.99,16V3F4120R6301871,"14GN 102X28+5 G/N TRAILER 7K AXLES
",,,,,,,,,,,,,,,,False,,,,,,,,,Avail,False,10580.00,0.00,0.00,10827.73,,,,,
3293,Trailer ,Flatbed Trailer ,2023,"Big Tex Trailer Manufacturing, Inc.",22GN-33D5A-MRBK (28+5),22GN 102X28+5 GN TRAILER 10K AXLES,N,19599.99,,19599.99,19599.99,16V3F4121R6300034,"22GN 102X28+5 GN TRAILER 10K AXLES
",,,,,,,,,,,,,,,,False,,,,,,,0.0,,Avail,False,14900.00,0.00,0.00,15248.88,,,,,
3330,Trailer ,Dump Trailer ,2023,"Big Tex Trailer Manufacturing, Inc.",14LD-14BK,"14LD 83X14 DUMP 2FT SIDE W/ TARP, NO RAMPS",N,10799.99,,10799.99,10799.99,16V1D192XP5281194,"14LD 83X14 DUMP 2FT SIDE W/ TARP, NO RAMPS
",,,,,,,,,,,,,,,,False,,,,,,,,,Avail,False,8345.70,0.00,0.00,8485.41,,,,,
3331,Trailer ,Dump Trailer ,2023,"Big Tex Trailer Manufacturing, Inc.",12SR-12XLBK6SIR,"12SR 83""X12' 12K DUMP TRAILER 2' SIDES ",N,11399.99,,11399.99,11399.99,16V1D1626P5275168,"12SR 83""x12' 12K Dump Trailer 2' Sides 
",,,,,,,,,,,,,,,,False,,,,,,,,,Avail,False,8960.00,0.00,0.00,9109.99,,,,,
3332,Trailer ,Dump Trailer ,2023,"Big Tex Trailer Manufacturing, Inc.",16LP-16BK6-P4,16LP 83X16 DUMP 4FT SIDES RAMPS/TARP,N,18999.99,,18999.99,18999.99,16V1D2127P5291408,"16LP 83X16 DUMP 4FT SIDES RAMPS/TARP
-Ramps
-Tarp 
",,,,,,,,,,,,,,,,False,,,,,,,,,Avail,False,14260.00,0.00,0.00,14498.71,,,,,
3333,Trailer ,Dump Trailer ,2023,"Big Tex Trailer Manufacturing, Inc.",14GX-16BK6-P4,14GX-16BK6-P4 GOOSENECK DUMP TRAILER 16' 4FT SIDES ,N,15599.99,,15599.99,15599.99,16V3D2423P5274092,"14GX-16BK6-P4 GOOSENECK DUMP TRAILER 16' 4FT SIDES 

",,,,,,,,,,,,,,,,False,,,,,,,,,Avail,False,12260.00,0.00,0.00,12465.23,,,,,
3334,Trailer ,Dump Trailer ,2023,"Big Tex Trailer Manufacturing, Inc.",12SR-12XLBK6SIR,"12SR 83""X12' 12K DUMP TRAILER 2' SIDES ",N,11399.99,,11399.99,11399.99,16V1D1626P5276109,"12SR 83""x12' 12K Dump Trailer 2' Sides 
",,,,,,,,,,,,,,,,False,,,,,,,,,Avail,False,8960.00,0.00,0.00,9109.99,,,,,
3336,Trailer ,Dump Trailer ,2023,"Big Tex Trailer Manufacturing, Inc.",70SR-10-5WDD,"70SR 60""X10' DUMP TRAILER",N,7699.99,,7699.99,7699.99,16V1D1425P5286665,"70SR 60""X10' DUMP TRAILER

",,,,,,,,,,,,,,,,False,,,,,,,,,Avail,False,5900.00,0.00,0.00,5998.76,,,,,
3337,Trailer ,Dump Trailer ,2023,"Big Tex Trailer Manufacturing, Inc.",90SR-10,90SR-10,N,9199.99,,9199.99,9199.99,16V1D1425P5281465,"90SR-10
",,,,,,,,,,,,,,,,False,,,,,,,,,Avail,False,7100.00,0.00,0.00,7218.85,,,,,
3583,Trailer ,Equipment Trailer ,2023,Gps Trailers,EH2014K,EH2014K 14K 7X20 EQUIPMENT TRAILER W/ DOVETAIL,N,6299.99,,6299.99,6299.99,7PZBU2029PT007471,"EH2014K 14K 7X20 EQUIPMENT TRAILER W/ DOVETAIL
",,,,,,,,,,,,,,,,False,,,,,,,,,Avail,False,4800.00,0.00,0.00,4925.48,,,,,
3585,Trailer ,Equipment Trailer ,2023,Gps Trailers,EH2014K,EH2014K 14K 7X20 EQUIPMENT TRAILER W/ DOVETAIL,N,6299.99,,6299.99,6299.99,7PZBU2020PT007469,"EH2014K 14K 7X20 EQUIPMENT TRAILER W/ DOVETAIL
",,,,,,,,,,,,,,,,False,,,,,,,,,Avail,False,4800.00,0.00,0.00,4932.82,,,,,
3586,Trailer ,Utility Trailer ,2023,Gps Trailers,GT614,"GT614 76""X14' SA PIPE TOP UTILITY TRAILER",N,2499.99,,2499.99,2499.99,7PZBU1416PT007472,"GT614 76""X14' SA PIPE TOP UTILITY TRAILER 
",,,,,,,,,,,,,,,,False,,,,,,,,,Avail,False,1820.00,0.00,0.00,1870.37,,,,,
3662,Trailer ,Enclosed Trailer ,2023,Anvil Trailers,7X14 TA ENCLOSED- WHITE,7X14 TA ENCLOSED- WHITE,N,6599.99,,6599.99,6599.99,7FYBE142XPD028794,"7x14 TA Enclosed- White
-60"" Extended Triple Tongue
-(4) D Rings
-6'6"" Height
-Side Bar lock
",,,,,,,,,,,,,,,,False,,,,,,,,,Avail,False,5040.00,0.00,0.00,5246.13,,,,,
3663,Trailer ,Enclosed Trailer ,2023,Anvil Trailers,7X16 TA ENCLOSED- MEDIUM CHARCOAL ,7X16 TA ENCLOSED- MEDIUM CHARCOAL ,N,7099.99,,7099.99,7099.99,7FYBE1625PD028795,"7X16 TA ENCLOSED- Medium Charcoal 
-4 D- Rings in floor 
-6"" added height (6'6"") 
-60"" extended triple tongue
-Rear ramp flap 
-Bar Lock Side Door 
",,,,,,,,,,,,,,,,False,,,,,,,,,Avail,False,5410.00,0.00,0.00,5631.27,,,,,
3664,Trailer ,Enclosed Trailer ,2023,Anvil Trailers,7X12 SA ENCLOSED- BLACK ,7X12 SA ENCLOSED- BLACK ,N,5499.99,,5499.99,5499.99,7FYBE1215PD028793,"7X12 SA Enclosed- Black 
-4 D- Rings in floor 
-6"" added height (6'6"") 
-60"" extended triple tongue
-Rear ramp flap 
-Bar Lock Side Door 
",,,,,,,,,,,,,,,,False,,,,,,,,,Avail,False,4220.00,0.00,0.00,4392.60,,,,,
3676,Trailer ,Utility Trailer ,2023,Gps Trailers,"GT612 76""X12' SA MESH UTILITY TRAILER","GT612 76""X12' SA MESH UTILITY TRAILER",N,2999.99,,2999.99,2999.99,7PZBU1213PT007562,"GT612 76""X12' SA MESH UTILITY TRAILER
",,,,,,,,,,,,,,,,False,,,,,,,,,Avail,False,2150.00,0.00,0.00,2209.50,,,,,
3677,Trailer ,Utility Trailer ,2023,Gps Trailers,"GT612 76""X12' SA MESH UTILITY TRAILER","GT612 76""X12' SA MESH UTILITY TRAILER",N,2999.99,,2999.99,2999.99,7PZBU1215PT007563,"GT612 76""X12' SA MESH UTILITY TRAILER
",,,,,,,,,,,,,,,,False,,,,,,,,,Avail,False,2150.00,0.00,0.00,2209.49,,,,,
3678,Trailer ,Utility Trailer ,2023,Gps Trailers,GT614DT,"GT614DT 76""X14' SA PIPE TOP UTILITY TRAILER W/ DOVETAIL",N,2599.99,,2599.99,2599.99,7PZBU1418PT007473,"GT614DT 76""x14' SA Pipe Top Utility Trailer w/ Dovetail
",,,,,,,,,,,,,,,,False,,,,,,,,,Avail,False,1895.00,0.00,0.00,1944.54,,,,,
3679,Trailer ,Utility Trailer ,2023,Gps Trailers,GT614DT,"GT614DT 76""X14' SA PIPE TOP UTILITY TRAILER W/ DOVETAIL",N,2599.99,,2599.99,2599.99,7PZBU1412PT007565,"GT614DT 76""x14' SA Pipe Top Utility Trailer w/ Dovetail
",,,,,,,,,,,,,,,,False,,,,,,,,,Avail,False,1895.00,0.00,0.00,1944.54,,,,,
3680,Trailer ,Equipment Trailer ,2023,Gps Trailers,EH2014K,EH2014K 14K 7X20 EQUIPMENT TRAILER W/ DOVETAIL,N,6299.99,,6299.99,6299.99,7PZBU2027PT007470,"EH2014K 14K 7X20 EQUIPMENT TRAILER W/ DOVETAIL
",,,,,,,,,,,,,,,,False,,,,,,,,,Avail,False,4800.00,0.00,0.00,4932.82,,,,,
3681,Trailer ,Utility Trailer ,2023,Gps Trailers,"GTT6147K 76""X14' MESH","GTT6147K 76""X14' TANDEM UTILITY MESH",N,4399.99,,4399.99,4399.99,7PZBU1425PT007567,"GTT6147K 76""X14' TANDEM UTILITY MESH
",,,,,,,,,,,,,,,,False,,,,,,,,,Avail,False,3250.00,0.00,0.00,3334.96,,,,,
3882,Trailer ,Dump Trailer ,2023,Tuffdump,TD16HS GRAY,TD16HS Gray 7X16 14K DUMP TRAILER- 4FT SIDE W TARP,N,12499.99,,12499.99,12499.99,7NDTBDS21PM000320,"TD16HS Gray 7X16 14K DUMP TRAILER- 4FT SIDE W TARP
-Tarp kit

",,,,,,,,,,,,,,,,False,,,,,,,,,Avail,False,9649.00,0.00,0.00,9849.00,,,,,
3897,Trailer ,Dump Trailer ,2023,Tuffdump,TD16HS GRAY,TD16HS Gray 7X16 14K DUMP TRAILER- 4FT SIDE W TARP,N,12499.99,,12499.99,12499.99,7NDTBDS2XPM000333,"TD16HS Gray 7X16 14K DUMP TRAILER- 4FT SIDE W TARP
-Tarp kit

",,,,,,,,,,,,,,,,False,,,,,,,,,Avail,False,9849.00,0.00,0.00,9849.00,,,,,
